timestamp,radiation_flux
2021-12-01 00:00:00,2.06372852796
2021-12-01 00:05:00,2.9263814879
2021-12-01 00:10:00,2.82552942721
2021-12-01 00:15:00,2.57499966417
2021-12-01 00:20:00,2.857591959
2021-12-01 00:25:00,2.77907579027
2021-12-01 00:30:00,1.76556739116
2021-12-01 00:35:00,1.67039374979
2021-12-01 00:40:00,2.02058396541
2021-12-01 00:45:00,1.5391502927
2021-12-01 00:50:00,1.87686892597
2021-12-01 00:55:00,1.65987012572
2021-12-01 01:00:00,1.35738732295
2021-12-01 01:05:00,2.03110830293
2021-12-01 01:10:00,2.23529228729
2021-12-01 01:15:00,2.15503135603
2021-12-01 01:20:00,2.21320201142
2021-12-01 01:25:00,2.21828530914
2021-12-01 01:30:00,2.15917129851
2021-12-01 01:35:00,2.01341342029
2021-12-01 01:40:00,1.97065706771
2021-12-01 01:45:00,1.96249945606
2021-12-01 01:50:00,2.25648020244
2021-12-01 01:55:00,2.13418515837
2021-12-01 02:00:00,2.35712078518
2021-12-01 02:05:00,2.28357774707
2021-12-01 02:10:00,2.28183334464
2021-12-01 02:15:00,2.2887704204
2021-12-01 02:20:00,2.46157670316
2021-12-01 02:25:00,2.40677374875
2021-12-01 02:30:00,2.41606363331
2021-12-01 02:35:00,2.41328484087
2021-12-01 02:40:00,2.37518613108
2021-12-01 02:45:00,2.3454494282
2021-12-01 02:50:00,2.34877783413
2021-12-01 02:55:00,2.35196684483
2021-12-01 03:00:00,2.39744089025
2021-12-01 03:05:00,2.36072769009
2021-12-01 03:10:00,2.40602867942
2021-12-01 03:15:00,2.41560028292
2021-12-01 03:20:00,2.41756368877
2021-12-01 03:25:00,2.33973646258
2021-12-01 03:30:00,2.2777004725
2021-12-01 03:35:00,1.72612940178
2021-12-01 03:40:00,2.19251573376
2021-12-01 03:45:00,2.17730553306
2021-12-01 03:50:00,2.33486885225
2021-12-01 03:55:00,2.43932477024
2021-12-01 04:00:00,2.30394521016
2021-12-01 04:05:00,2.29001023104
2021-12-01 04:10:00,2.31061260918
2021-12-01 04:15:00,2.28780247171
2021-12-01 04:20:00,1.9232359914
2021-12-01 04:25:00,2.1644813966
2021-12-01 04:30:00,2.97539096438
2021-12-01 04:35:00,2.37167106179
2021-12-01 04:40:00,2.30971652728
2021-12-01 04:45:00,2.33840377041
2021-12-01 04:50:00,2.40796481574
2021-12-01 04:55:00,2.30354297804
2021-12-01 05:00:00,2.11882603531
2021-12-01 05:05:00,2.26765552995
2021-12-01 05:10:00,2.32399143201
2021-12-01 05:15:00,2.30532826491
2021-12-01 05:20:00,1.46343604077
2021-12-01 05:25:00,1.36768470098
2021-12-01 05:30:00,1.91520901458
2021-12-01 05:35:00,2.49209130236
2021-12-01 05:40:00,2.41644563822
2021-12-01 05:45:00,2.36456062229
2021-12-01 05:50:00,1.45238361598
2021-12-01 05:55:00,2.19520411975
2021-12-01 06:00:00,1.78204533875
2021-12-01 06:05:00,2.30485873927
2021-12-01 06:10:00,3.62886635452
2021-12-01 06:15:00,3.14321940099
2021-12-01 06:20:00,1.86045113196
2021-12-01 06:25:00,1.8960338054
2021-12-01 06:30:00,1.81673860499
2021-12-01 06:35:00,1.87395932977
2021-12-01 06:40:00,1.66874251451
2021-12-01 06:45:00,1.65150817431
2021-12-01 06:50:00,1.69992521709
2021-12-01 06:55:00,1.88343548993
2021-12-01 07:00:00,1.88879022833
2021-12-01 07:05:00,1.96799081632
2021-12-01 07:10:00,1.90173334164
2021-12-01 07:15:00,1.62835634703
2021-12-01 07:20:00,1.83056461216
2021-12-01 07:25:00,1.79291005027
2021-12-01 07:30:00,2.43774313775
2021-12-01 07:35:00,1.84312976093
2021-12-01 07:40:00,1.66751749726
2021-12-01 07:45:00,1.40374477002
2021-12-01 07:50:00,1.12384285304
2021-12-01 07:55:00,1.47152744997
2021-12-01 08:00:00,1.24614667557
2021-12-01 08:05:00,1.29163965742
2021-12-01 08:10:00,1.39319960767
2021-12-01 08:15:00,1.76798787839
2021-12-01 08:20:00,1.99469515457
2021-12-01 08:25:00,2.0537390984
2021-12-01 08:30:00,2.25807786803
2021-12-01 08:35:00,1.99134100291
2021-12-01 08:40:00,3.15870796816
2021-12-01 08:45:00,3.77422258969
2021-12-01 08:50:00,4.32523062491
2021-12-01 08:55:00,4.95328870484
2021-12-01 09:00:00,5.37964871886
2021-12-01 09:05:00,5.7289158228
2021-12-01 09:10:00,7.10385894067
2021-12-01 09:15:00,6.51674026303
2021-12-01 09:20:00,7.88340272707
2021-12-01 09:25:00,10.1872242055
2021-12-01 09:30:00,10.3664885034
2021-12-01 09:35:00,13.1217838103
2021-12-01 09:40:00,14.42381771
2021-12-01 09:45:00,17.5322859096
2021-12-01 09:50:00,16.9138515758
2021-12-01 09:55:00,18.9537983896
2021-12-01 10:00:00,23.9180110507
2021-12-01 10:05:00,24.0958754031
2021-12-01 10:10:00,22.9278290674
2021-12-01 10:15:00,25.3343586789
2021-12-01 10:20:00,27.510834243
2021-12-01 10:25:00,29.6723774263
2021-12-01 10:30:00,32.3375738148
2021-12-01 10:35:00,33.1330035719
2021-12-01 10:40:00,36.260613014
2021-12-01 10:45:00,39.5274476474
2021-12-01 10:50:00,44.0980277678
2021-12-01 10:55:00,44.1084634297
2021-12-01 11:00:00,43.9918022789
2021-12-01 11:05:00,48.5004856577
2021-12-01 11:10:00,52.6450121819
2021-12-01 11:15:00,51.4764908796
2021-12-01 11:20:00,52.6260506127
2021-12-01 11:25:00,54.3213992437
2021-12-01 11:30:00,55.3868402905
2021-12-01 11:35:00,50.3926962386
2021-12-01 11:40:00,49.7069704265
2021-12-01 11:45:00,48.2209996931
2021-12-01 11:50:00,47.131036753
2021-12-01 11:55:00,46.7266141183
2021-12-01 12:00:00,46.2870749532
2021-12-01 12:05:00,42.7874314088
2021-12-01 12:10:00,41.9679883842
2021-12-01 12:15:00,49.663946005
2021-12-01 12:20:00,46.3684308335
2021-12-01 12:25:00,50.1790311772
2021-12-01 12:30:00,45.7812138528
2021-12-01 12:35:00,42.4805547427
2021-12-01 12:40:00,43.7880246997
2021-12-01 12:45:00,40.927642346
2021-12-01 12:50:00,39.437962699
2021-12-01 12:55:00,38.3949885934
2021-12-01 13:00:00,38.3957547759
2021-12-01 13:05:00,36.256262193
2021-12-01 13:10:00,29.5754478974
2021-12-01 13:15:00,31.0138335667
2021-12-01 13:20:00,35.2677432199
2021-12-01 13:25:00,31.4265287459
2021-12-01 13:30:00,32.2893874656
2021-12-01 13:35:00,30.3752494499
2021-12-01 13:40:00,28.7052100802
2021-12-01 13:45:00,30.6119468985
2021-12-01 13:50:00,31.5221685177
2021-12-01 13:55:00,29.046667124
2021-12-01 14:00:00,28.8447473229
2021-12-01 14:05:00,27.0613560939
2021-12-01 14:10:00,21.1434651417
2021-12-01 14:15:00,18.2935561286
2021-12-01 14:20:00,14.3593643036
2021-12-01 14:25:00,15.6021448342
2021-12-01 14:30:00,17.2981544903
2021-12-01 14:35:00,14.9775636786
2021-12-01 14:40:00,12.8571813604
2021-12-01 14:45:00,11.1178304046
2021-12-01 14:50:00,9.52791298338
2021-12-01 14:55:00,6.5534901625
2021-12-01 15:00:00,5.31323280861
2021-12-01 15:05:00,5.8347624866
2021-12-01 15:10:00,5.40234961842
2021-12-01 15:15:00,3.55069325443
2021-12-01 15:20:00,4.57882976063
2021-12-01 15:25:00,2.53075395102
2021-12-01 15:30:00,1.71281744794
2021-12-01 15:35:00,1.21616699591
2021-12-01 15:40:00,0.817960583865
2021-12-01 15:45:00,0.308300926639
2021-12-01 15:50:00,0.832796736249
2021-12-01 15:55:00,0.657861198794
2021-12-01 16:00:00,0.864959611317
2021-12-01 16:05:00,0.511633067099
2021-12-01 16:10:00,0.4194081121
2021-12-01 16:15:00,0.848116015055
2021-12-01 16:20:00,1.98351602711
2021-12-01 16:25:00,1.39162959489
2021-12-01 16:30:00,1.85371170698
2021-12-01 16:35:00,1.73613914715
2021-12-01 16:40:00,2.32252698264
2021-12-01 16:45:00,1.66443753672
2021-12-01 16:50:00,1.32415640902
2021-12-01 16:55:00,0.631341585102
2021-12-01 17:00:00,0.616561502202
2021-12-01 17:05:00,0.606021360603
2021-12-01 17:10:00,0.874648514856
2021-12-01 17:15:00,0.722299087897
2021-12-01 17:20:00,0.0
2021-12-01 17:25:00,0.45781195865
2021-12-01 17:30:00,0.525424516949
2021-12-01 17:35:00,0.621952660947
2021-12-01 17:40:00,0.255779662171
2021-12-01 17:45:00,0.0
2021-12-01 17:50:00,0.157944634932
2021-12-01 17:55:00,0.391459861366
2021-12-01 18:00:00,0.532102307513
2021-12-01 18:05:00,0.518567361999
2021-12-01 18:10:00,0.805578273289
2021-12-01 18:15:00,0.459752884669
2021-12-01 18:20:00,0.665535465479
2021-12-01 18:25:00,0.864864167977
2021-12-01 18:30:00,0.787282367513
2021-12-01 18:35:00,0.564951973312
2021-12-01 18:40:00,0.808041826467
2021-12-01 18:45:00,0.643853088365
2021-12-01 18:50:00,0.715057915796
2021-12-01 18:55:00,0.80653224337
2021-12-01 19:00:00,1.38492129158
2021-12-01 19:05:00,2.04736112701
2021-12-01 19:10:00,1.78858992862
2021-12-01 19:15:00,2.27198532611
2021-12-01 19:20:00,2.28942412147
2021-12-01 19:25:00,1.98438907594
2021-12-01 19:30:00,0.632773062942
2021-12-01 19:35:00,0.0
2021-12-01 19:40:00,0.222898629967
2021-12-01 19:45:00,0.196482005067
2021-12-01 19:50:00,0.388411015879
2021-12-01 19:55:00,0.115108357204
2021-12-01 20:00:00,0.463089386264
2021-12-01 20:05:00,0.3502766351
2021-12-01 20:10:00,0.0
2021-12-01 20:15:00,0.0
2021-12-01 20:20:00,0.138998493648
2021-12-01 20:25:00,0.812315792056
2021-12-01 20:30:00,0.696553121238
2021-12-01 20:35:00,0.584107305041
2021-12-01 20:40:00,0.404433854461
2021-12-01 20:45:00,0.539097651048
2021-12-01 20:50:00,0.00601487892597
2021-12-01 20:55:00,0.0179147783503
2021-12-01 21:00:00,0.306302474157
2021-12-01 21:05:00,0.532947252441
2021-12-01 21:10:00,0.0103463123143
2021-12-01 21:15:00,0.173649866649
2021-12-01 21:20:00,0.0
2021-12-01 21:25:00,0.527144727606
2021-12-01 21:30:00,0.92751628024
2021-12-01 21:35:00,0.856505468719
2021-12-01 21:40:00,0.498928409586
2021-12-01 21:45:00,0.35613935422
2021-12-01 21:50:00,0.109657099602
2021-12-01 21:55:00,0.42046429508
2021-12-01 22:00:00,1.52023267784
2021-12-01 22:05:00,0.958875857644
2021-12-01 22:10:00,0.835440349804
2021-12-01 22:15:00,1.13753215492
2021-12-01 22:20:00,0.31343873693
2021-12-01 22:25:00,0.265683309911
2021-12-01 22:30:00,0.0
2021-12-01 22:35:00,0.0861833470159
2021-12-01 22:40:00,0.449644735719
2021-12-01 22:45:00,0.0164419660252
2021-12-01 22:50:00,1.03999577968
2021-12-01 22:55:00,0.500410674475
2021-12-01 23:00:00,0.878055101705
2021-12-01 23:05:00,0.885507198892
2021-12-01 23:10:00,0.863118918336
2021-12-01 23:15:00,1.42491482692
2021-12-01 23:20:00,1.38625986126
2021-12-01 23:25:00,1.70924687421
2021-12-01 23:30:00,0.953926438739
2021-12-01 23:35:00,1.32203776544
2021-12-01 23:40:00,1.16731047692
2021-12-01 23:45:00,1.03514872088
2021-12-01 23:50:00,1.17570503636
2021-12-01 23:55:00,1.10281177056
2021-12-02 00:00:00,1.08822885255
2021-12-02 00:05:00,1.19800232804
2021-12-02 00:10:00,0.256707276559
2021-12-02 00:15:00,0.0305530308184
2021-12-02 00:20:00,0.0
2021-12-02 00:25:00,0.0
2021-12-02 00:30:00,0.0
2021-12-02 00:35:00,0.0
2021-12-02 00:40:00,0.0
2021-12-02 00:45:00,0.231129673924
2021-12-02 00:50:00,0.0
2021-12-02 00:55:00,0.0
2021-12-02 01:00:00,0.166087535594
2021-12-02 01:05:00,0.0
2021-12-02 01:10:00,0.0
2021-12-02 01:15:00,0.0
2021-12-02 01:20:00,0.0305666655813
2021-12-02 01:25:00,0.0821418768529
2021-12-02 01:30:00,0.0
2021-12-02 01:35:00,0.207791312759
2021-12-02 01:40:00,0.0
2021-12-02 01:45:00,0.0
2021-12-02 01:50:00,0.0154321450034
2021-12-02 01:55:00,0.0128998018658
2021-12-02 02:00:00,0.224548436269
2021-12-02 02:05:00,0.0
2021-12-02 02:10:00,0.0
2021-12-02 02:15:00,0.0
2021-12-02 02:20:00,0.0
2021-12-02 02:25:00,0.0
2021-12-02 02:30:00,0.0
2021-12-02 02:35:00,0.0
2021-12-02 02:40:00,0.0
2021-12-02 02:45:00,0.0
2021-12-02 02:50:00,0.0
2021-12-02 02:55:00,0.138761492222
2021-12-02 03:00:00,0.362804931297
2021-12-02 03:05:00,0.393190635655
2021-12-02 03:10:00,0.801926275041
2021-12-02 03:15:00,0.0
2021-12-02 03:20:00,0.0
2021-12-02 03:25:00,0.444177195827
2021-12-02 03:30:00,0.520859101945
2021-12-02 03:35:00,0.298201519746
2021-12-02 03:40:00,0.447408634616
2021-12-02 03:45:00,0.541301304717
2021-12-02 03:50:00,0.495825677401
2021-12-02 03:55:00,0.350341764289
2021-12-02 04:00:00,0.4905081199
2021-12-02 04:05:00,1.22531275797
2021-12-02 04:10:00,0.622497786707
2021-12-02 04:15:00,1.52853768469
2021-12-02 04:20:00,2.36350681167
2021-12-02 04:25:00,2.54120556863
2021-12-02 04:30:00,2.6050487629
2021-12-02 04:35:00,2.69392925668
2021-12-02 04:40:00,2.72181253189
2021-12-02 04:45:00,2.81722585665
2021-12-02 04:50:00,2.67430627273
2021-12-02 04:55:00,2.69355855784
2021-12-02 05:00:00,2.63783023387
2021-12-02 05:05:00,2.68911362516
2021-12-02 05:10:00,2.66444833921
2021-12-02 05:15:00,2.60534164237
2021-12-02 05:20:00,2.54072719633
2021-12-02 05:25:00,2.61587278238
2021-12-02 05:30:00,2.4569408838
2021-12-02 05:35:00,2.50039487292
2021-12-02 05:40:00,2.40586308324
2021-12-02 05:45:00,2.44111092417
2021-12-02 05:50:00,2.21669889663
2021-12-02 05:55:00,2.28638212509
2021-12-02 06:00:00,2.01970130959
2021-12-02 06:05:00,2.13338796201
2021-12-02 06:10:00,2.13144677553
2021-12-02 06:15:00,2.06309988512
2021-12-02 06:20:00,2.04513417703
2021-12-02 06:25:00,1.96592510902
2021-12-02 06:30:00,1.91467273156
2021-12-02 06:35:00,2.2154605485
2021-12-02 06:40:00,1.72579144103
2021-12-02 06:45:00,1.89175497874
2021-12-02 06:50:00,1.97137971014
2021-12-02 06:55:00,2.19760769491
2021-12-02 07:00:00,2.53122307167
2021-12-02 07:05:00,2.51949717564
2021-12-02 07:10:00,1.82411850004
2021-12-02 07:15:00,1.42524998126
2021-12-02 07:20:00,1.90358074946
2021-12-02 07:25:00,1.80693341045
2021-12-02 07:30:00,1.9858845694
2021-12-02 07:35:00,1.82375054015
2021-12-02 07:40:00,2.27195294024
2021-12-02 07:45:00,1.92247381381
2021-12-02 07:50:00,1.78342414686
2021-12-02 07:55:00,1.74112039599
2021-12-02 08:00:00,1.73587408789
2021-12-02 08:05:00,1.54411941022
2021-12-02 08:10:00,1.64114575456
2021-12-02 08:15:00,1.82645599506
2021-12-02 08:20:00,2.25291980015
2021-12-02 08:25:00,2.43586445559
2021-12-02 08:30:00,3.13947738441
2021-12-02 08:35:00,3.78894570089
2021-12-02 08:40:00,4.66131389374
2021-12-02 08:45:00,6.94080573702
2021-12-02 08:50:00,8.25155146656
2021-12-02 08:55:00,8.40283620615
2021-12-02 09:00:00,10.1191989494
2021-12-02 09:05:00,12.0919210027
2021-12-02 09:10:00,16.6802428051
2021-12-02 09:15:00,24.1981861507
2021-12-02 09:20:00,34.3609413755
2021-12-02 09:25:00,41.0457602963
2021-12-02 09:30:00,43.889843978
2021-12-02 09:35:00,49.9034619878
2021-12-02 09:40:00,48.9717637149
2021-12-02 09:45:00,45.4879078744
2021-12-02 09:50:00,41.9966725645
2021-12-02 09:55:00,40.3090266807
2021-12-02 10:00:00,44.4450237562
2021-12-02 10:05:00,58.706748394
2021-12-02 10:10:00,74.8803560686
2021-12-02 10:15:00,84.009073376
2021-12-02 10:20:00,75.5550277388
2021-12-02 10:25:00,69.5425995873
2021-12-02 10:30:00,65.2309524178
2021-12-02 10:35:00,70.6138615293
2021-12-02 10:40:00,76.105166813
2021-12-02 10:45:00,77.7273067049
2021-12-02 10:50:00,85.3136811657
2021-12-02 10:55:00,90.4082784404
2021-12-02 11:00:00,99.9658415288
2021-12-02 11:05:00,123.905413568
2021-12-02 11:10:00,128.651881362
2021-12-02 11:15:00,111.252061219
2021-12-02 11:20:00,96.1084137515
2021-12-02 11:25:00,118.395337425
2021-12-02 11:30:00,124.400069393
2021-12-02 11:35:00,128.959070499
2021-12-02 11:40:00,130.521859745
2021-12-02 11:45:00,116.099456637
2021-12-02 11:50:00,104.496069893
2021-12-02 11:55:00,102.802523273
2021-12-02 12:00:00,97.6077911866
2021-12-02 12:05:00,82.7463173649
2021-12-02 12:10:00,73.5701095164
2021-12-02 12:15:00,69.3178909577
2021-12-02 12:20:00,65.5048305661
2021-12-02 12:25:00,59.1819451461
2021-12-02 12:30:00,56.8237649487
2021-12-02 12:35:00,61.8235163023
2021-12-02 12:40:00,64.0896138835
2021-12-02 12:45:00,66.7301955325
2021-12-02 12:50:00,71.3708824126
2021-12-02 12:55:00,74.5957440294
2021-12-02 13:00:00,82.2547192658
2021-12-02 13:05:00,85.0267602669
2021-12-02 13:10:00,85.6923660986
2021-12-02 13:15:00,80.0778708784
2021-12-02 13:20:00,70.5807563251
2021-12-02 13:25:00,60.3930750621
2021-12-02 13:30:00,56.137015754
2021-12-02 13:35:00,58.3245222575
2021-12-02 13:40:00,67.84303308
2021-12-02 13:45:00,70.4574068018
2021-12-02 13:50:00,78.4534547445
2021-12-02 13:55:00,72.7021785004
2021-12-02 14:00:00,52.8468501598
2021-12-02 14:05:00,37.1603890443
2021-12-02 14:10:00,29.3092277282
2021-12-02 14:15:00,24.6192958005
2021-12-02 14:20:00,23.6505387861
2021-12-02 14:25:00,22.1469697855
2021-12-02 14:30:00,16.2788176783
2021-12-02 14:35:00,16.1981152264
2021-12-02 14:40:00,17.2035368068
2021-12-02 14:45:00,13.5398452155
2021-12-02 14:50:00,10.0812895319
2021-12-02 14:55:00,7.47843987612
2021-12-02 15:00:00,5.15013095199
2021-12-02 15:05:00,3.35995581699
2021-12-02 15:10:00,3.56286625351
2021-12-02 15:15:00,2.61728127557
2021-12-02 15:20:00,1.9855236654
2021-12-02 15:25:00,1.33904426525
2021-12-02 15:30:00,0.814946658319
2021-12-02 15:35:00,1.46887052629
2021-12-02 15:40:00,1.25177783261
2021-12-02 15:45:00,1.23917368693
2021-12-02 15:50:00,1.21752229728
2021-12-02 15:55:00,1.11203675253
2021-12-02 16:00:00,0.835702351909
2021-12-02 16:05:00,1.32918238116
2021-12-02 16:10:00,0.971993460141
2021-12-02 16:15:00,0.805005891241
2021-12-02 16:20:00,1.59990059702
2021-12-02 16:25:00,1.21270544734
2021-12-02 16:30:00,0.91756073259
2021-12-02 16:35:00,0.877840599665
2021-12-02 16:40:00,1.13205409111
2021-12-02 16:45:00,1.26357930891
2021-12-02 16:50:00,2.09692668676
2021-12-02 16:55:00,1.50029713741
2021-12-02 17:00:00,0.710150514221
2021-12-02 17:05:00,1.37629691983
2021-12-02 17:10:00,2.2147784791
2021-12-02 17:15:00,1.3496825717
2021-12-02 17:20:00,1.13322356987
2021-12-02 17:25:00,1.1741414931
2021-12-02 17:30:00,1.2443574144
2021-12-02 17:35:00,1.3980685752
2021-12-02 17:40:00,1.27846124217
2021-12-02 17:45:00,0.0
2021-12-02 17:50:00,0.0
2021-12-02 17:55:00,0.465406170745
2021-12-02 18:00:00,0.838685423356
2021-12-02 18:05:00,0.935713420406
2021-12-02 18:10:00,0.477085490159
2021-12-02 18:15:00,0.391784301253
2021-12-02 18:20:00,0.696379403769
2021-12-02 18:25:00,0.612130204284
2021-12-02 18:30:00,0.302634722958
2021-12-02 18:35:00,0.763689464274
2021-12-02 18:40:00,0.918519218897
2021-12-02 18:45:00,1.03705229924
2021-12-02 18:50:00,0.388960533922
2021-12-02 18:55:00,0.205787002624
2021-12-02 19:00:00,0.286231154949
2021-12-02 19:05:00,0.623724253415
2021-12-02 19:10:00,0.873284376049
2021-12-02 19:15:00,0.568372069852
2021-12-02 19:20:00,1.61239003977
2021-12-02 19:25:00,0.789430763567
2021-12-02 19:30:00,1.1501386382
2021-12-02 19:35:00,1.25202325835
2021-12-02 19:40:00,1.58998584868
2021-12-02 19:45:00,1.95215469456
2021-12-02 19:50:00,2.08039574808
2021-12-02 19:55:00,1.6137662034
2021-12-02 20:00:00,1.63862833807
2021-12-02 20:05:00,1.47497890003
2021-12-02 20:10:00,1.78172015927
2021-12-02 20:15:00,0.367127151112
2021-12-02 20:20:00,0.76916176772
2021-12-02 20:25:00,0.757850950179
2021-12-02 20:30:00,0.668673565712
2021-12-02 20:35:00,0.469349233834
2021-12-02 20:40:00,0.56576111348
2021-12-02 20:45:00,0.0535412409386
2021-12-02 20:50:00,0.595527689718
2021-12-02 20:55:00,0.253617750608
2021-12-02 21:00:00,0.610428469279
2021-12-02 21:05:00,2.05338721681
2021-12-02 21:10:00,1.90238781025
2021-12-02 21:15:00,2.08802029382
2021-12-02 21:20:00,2.00033040204
2021-12-02 21:25:00,2.67743732334
2021-12-02 21:30:00,1.89438420448
2021-12-02 21:35:00,2.28449961354
2021-12-02 21:40:00,2.00797541356
2021-12-02 21:45:00,1.64834269865
2021-12-02 21:50:00,1.3695339414
2021-12-02 21:55:00,2.10066453123
2021-12-02 22:00:00,2.68213243446
2021-12-02 22:05:00,2.9455627532
2021-12-02 22:10:00,1.9756313048
2021-12-02 22:15:00,2.38751937626
2021-12-02 22:20:00,2.4625175018
2021-12-02 22:25:00,2.65647200296
2021-12-02 22:30:00,2.63417537978
2021-12-02 22:35:00,2.52574525265
2021-12-02 22:40:00,2.25006875004
2021-12-02 22:45:00,1.99397251214
2021-12-02 22:50:00,1.60937675718
2021-12-02 22:55:00,1.90417021793
2021-12-02 23:00:00,1.60482803483
2021-12-02 23:05:00,1.42907065361
2021-12-02 23:10:00,1.7152172065
2021-12-02 23:15:00,1.76034291824
2021-12-02 23:20:00,2.16580589592
2021-12-02 23:25:00,1.78833301924
2021-12-02 23:30:00,1.72037365119
2021-12-02 23:35:00,1.87014074235
2021-12-02 23:40:00,1.97123418871
2021-12-02 23:45:00,1.72247442495
2021-12-02 23:50:00,1.51586040863
2021-12-02 23:55:00,1.59941326036
2021-12-03 00:00:00,1.39506555512
2021-12-03 00:05:00,0.958546129253
2021-12-03 00:10:00,1.2291242332
2021-12-03 00:15:00,1.59877713889
2021-12-03 00:20:00,1.58206082573
2021-12-03 00:25:00,1.94902217892
2021-12-03 00:30:00,2.01839237236
2021-12-03 00:35:00,2.06382392497
2021-12-03 00:40:00,2.10594118444
2021-12-03 00:45:00,2.2132331331
2021-12-03 00:50:00,2.11714895948
2021-12-03 00:55:00,1.98104657827
2021-12-03 01:00:00,2.06455967928
2021-12-03 01:05:00,2.01355436364
2021-12-03 01:10:00,2.02340996507
2021-12-03 01:15:00,1.80387664886
2021-12-03 01:20:00,1.96372520724
2021-12-03 01:25:00,2.00486668763
2021-12-03 01:30:00,2.07833078973
2021-12-03 01:35:00,2.11192684532
2021-12-03 01:40:00,2.04910552944
2021-12-03 01:45:00,2.02900021783
2021-12-03 01:50:00,1.98016074891
2021-12-03 01:55:00,1.98373280526
2021-12-03 02:00:00,2.11678082089
2021-12-03 02:05:00,2.17373490638
2021-12-03 02:10:00,2.13839712897
2021-12-03 02:15:00,1.28700039351
2021-12-03 02:20:00,2.0951413999
2021-12-03 02:25:00,2.20262528762
2021-12-03 02:30:00,2.27673022357
2021-12-03 02:35:00,2.2238183356
2021-12-03 02:40:00,2.24546571241
2021-12-03 02:45:00,2.27544173186
2021-12-03 02:50:00,2.25865052807
2021-12-03 02:55:00,2.40797082114
2021-12-03 03:00:00,2.52828485978
2021-12-03 03:05:00,2.27142144262
2021-12-03 03:10:00,2.29260259805
2021-12-03 03:15:00,2.32862123423
2021-12-03 03:20:00,2.18343814491
2021-12-03 03:25:00,2.31259447919
2021-12-03 03:30:00,2.3041906359
2021-12-03 03:35:00,2.30440239873
2021-12-03 03:40:00,2.30452517123
2021-12-03 03:45:00,2.31056490409
2021-12-03 03:50:00,2.2636523161
2021-12-03 03:55:00,2.30194090003
2021-12-03 04:00:00,2.32414553799
2021-12-03 04:05:00,2.29656193648
2021-12-03 04:10:00,2.29651426443
2021-12-03 04:15:00,2.32439403837
2021-12-03 04:20:00,2.31687164011
2021-12-03 04:25:00,2.30997546201
2021-12-03 04:30:00,2.33006334628
2021-12-03 04:35:00,2.30774521393
2021-12-03 04:40:00,2.32123053023
2021-12-03 04:45:00,2.31227269939
2021-12-03 04:50:00,2.32881772334
2021-12-03 04:55:00,2.30265076111
2021-12-03 05:00:00,2.19563106426
2021-12-03 05:05:00,2.12220577033
2021-12-03 05:10:00,2.05704473626
2021-12-03 05:15:00,2.13485381153
2021-12-03 05:20:00,2.19087945522
2021-12-03 05:25:00,2.19275224406
2021-12-03 05:30:00,2.31217221171
2021-12-03 05:35:00,2.21504181086
2021-12-03 05:40:00,2.2665809454
2021-12-03 05:45:00,2.22414094336
2021-12-03 05:50:00,2.09206232498
2021-12-03 05:55:00,1.7860668714
2021-12-03 06:00:00,2.13249058821
2021-12-03 06:05:00,2.06181609588
2021-12-03 06:10:00,1.9919873291
2021-12-03 06:15:00,2.02268722322
2021-12-03 06:20:00,3.23587551341
2021-12-03 06:25:00,3.6609702356
2021-12-03 06:30:00,4.15356352691
2021-12-03 06:35:00,4.1107302703
2021-12-03 06:40:00,4.07733700202
2021-12-03 06:45:00,3.66536252417
2021-12-03 06:50:00,3.32377309465
2021-12-03 06:55:00,3.39832581341
2021-12-03 07:00:00,3.1301724281
2021-12-03 07:05:00,3.27035077015
2021-12-03 07:10:00,3.00462203689
2021-12-03 07:15:00,2.85518299113
2021-12-03 07:20:00,3.30580845671
2021-12-03 07:25:00,3.36512945248
2021-12-03 07:30:00,3.0638514466
2021-12-03 07:35:00,3.23084278067
2021-12-03 07:40:00,2.72961810634
2021-12-03 07:45:00,2.56970011397
2021-12-03 07:50:00,1.58696087584
2021-12-03 07:55:00,1.25296405698
2021-12-03 08:00:00,2.01972857911
2021-12-03 08:05:00,2.13635290737
2021-12-03 08:10:00,2.61652214789
2021-12-03 08:15:00,3.2033820705
2021-12-03 08:20:00,3.1550271056
2021-12-03 08:25:00,2.85264734302
2021-12-03 08:30:00,3.20090174829
2021-12-03 08:35:00,3.55253470255
2021-12-03 08:40:00,4.60090279796
2021-12-03 08:45:00,5.70816371379
2021-12-03 08:50:00,6.5768208185
2021-12-03 08:55:00,6.43210743592
2021-12-03 09:00:00,5.76795214877
2021-12-03 09:05:00,6.76201242057
2021-12-03 09:10:00,7.49224032754
2021-12-03 09:15:00,8.54928014757
2021-12-03 09:20:00,9.77247455704
2021-12-03 09:25:00,11.1015184168
2021-12-03 09:30:00,13.0961472018
2021-12-03 09:35:00,12.7690678707
2021-12-03 09:40:00,14.00669299
2021-12-03 09:45:00,17.711068512
2021-12-03 09:50:00,19.3457352982
2021-12-03 09:55:00,21.9569908979
2021-12-03 10:00:00,22.6727666484
2021-12-03 10:05:00,23.7060934114
2021-12-03 10:10:00,25.3884763349
2021-12-03 10:15:00,26.2410164052
2021-12-03 10:20:00,28.7591230179
2021-12-03 10:25:00,28.5218052279
2021-12-03 10:30:00,30.4946490679
2021-12-03 10:35:00,32.6139182896
2021-12-03 10:40:00,34.8831339494
2021-12-03 10:45:00,36.720792381
2021-12-03 10:50:00,37.737448542
2021-12-03 10:55:00,39.3231483251
2021-12-03 11:00:00,42.2252970891
2021-12-03 11:05:00,43.9274967755
2021-12-03 11:10:00,46.6274685098
2021-12-03 11:15:00,48.3191234033
2021-12-03 11:20:00,50.4586387085
2021-12-03 11:25:00,51.30696935
2021-12-03 11:30:00,54.4113592668
2021-12-03 11:35:00,55.9739746788
2021-12-03 11:40:00,55.7004033788
2021-12-03 11:45:00,53.2431461247
2021-12-03 11:50:00,50.5406370923
2021-12-03 11:55:00,48.6467418928
2021-12-03 12:00:00,49.6655432284
2021-12-03 12:05:00,50.4510612391
2021-12-03 12:10:00,50.9943616099
2021-12-03 12:15:00,52.3594024133
2021-12-03 12:20:00,56.7851774428
2021-12-03 12:25:00,59.7532203577
2021-12-03 12:30:00,64.9036178271
2021-12-03 12:35:00,67.2153425024
2021-12-03 12:40:00,67.8386419042
2021-12-03 12:45:00,66.6459736026
2021-12-03 12:50:00,61.4758465989
2021-12-03 12:55:00,57.0572373056
2021-12-03 13:00:00,54.0244130696
2021-12-03 13:05:00,50.5699321855
2021-12-03 13:10:00,49.3294591695
2021-12-03 13:15:00,51.3156316314
2021-12-03 13:20:00,50.0472144443
2021-12-03 13:25:00,46.2966449672
2021-12-03 13:30:00,42.7409400263
2021-12-03 13:35:00,37.6489115013
2021-12-03 13:40:00,35.7163543521
2021-12-03 13:45:00,32.2314378293
2021-12-03 13:50:00,31.3612831412
2021-12-03 13:55:00,27.8585660595
2021-12-03 14:00:00,27.7008243779
2021-12-03 14:05:00,25.3117515896
2021-12-03 14:10:00,22.6831980031
2021-12-03 14:15:00,20.0443241039
2021-12-03 14:20:00,16.8554118693
2021-12-03 14:25:00,14.598036812
2021-12-03 14:30:00,12.7670820366
2021-12-03 14:35:00,12.1221606673
2021-12-03 14:40:00,11.0542042344
2021-12-03 14:45:00,9.68782374761
2021-12-03 14:50:00,8.32366488573
2021-12-03 14:55:00,6.9418877637
2021-12-03 15:00:00,5.6341579729
2021-12-03 15:05:00,4.02075731657
2021-12-03 15:10:00,2.91313862466
2021-12-03 15:15:00,3.69497734816
2021-12-03 15:20:00,3.40555582546
2021-12-03 15:25:00,2.38361793927
2021-12-03 15:30:00,2.09649229381
2021-12-03 15:35:00,2.68034116214
2021-12-03 15:40:00,1.65141019766
2021-12-03 15:45:00,2.09377975817
2021-12-03 15:50:00,2.0952106261
2021-12-03 15:55:00,2.32314295622
2021-12-03 16:00:00,2.31594458909
2021-12-03 16:05:00,2.35238952248
2021-12-03 16:10:00,2.49869800021
2021-12-03 16:15:00,2.38369099398
2021-12-03 16:20:00,2.00609252437
2021-12-03 16:25:00,2.12309371608
2021-12-03 16:30:00,2.2639556831
2021-12-03 16:35:00,2.01914228431
2021-12-03 16:40:00,2.24580658149
2021-12-03 16:45:00,2.55206179919
2021-12-03 16:50:00,2.47239568228
2021-12-03 16:55:00,2.77003275379
2021-12-03 17:00:00,2.51351151476
2021-12-03 17:05:00,2.49525007978
2021-12-03 17:10:00,2.79456462895
2021-12-03 17:15:00,2.55137972979
2021-12-03 17:20:00,2.54952450101
2021-12-03 17:25:00,1.65494955399
2021-12-03 17:30:00,2.37566501003
2021-12-03 17:35:00,1.59552383815
2021-12-03 17:40:00,1.47421535331
2021-12-03 17:45:00,1.3106290881
2021-12-03 17:50:00,1.9223218335
2021-12-03 17:55:00,2.5275416857
2021-12-03 18:00:00,2.13213895016
2021-12-03 18:05:00,1.96447264936
2021-12-03 18:10:00,0.777969824504
2021-12-03 18:15:00,1.53003465382
2021-12-03 18:20:00,2.27585058942
2021-12-03 18:25:00,2.41147836222
2021-12-03 18:30:00,2.39432642891
2021-12-03 18:35:00,2.11503557125
2021-12-03 18:40:00,2.43611000057
2021-12-03 18:45:00,2.57113333553
2021-12-03 18:50:00,2.53731310443
2021-12-03 18:55:00,1.87784523717
2021-12-03 19:00:00,2.03531311302
2021-12-03 19:05:00,2.20652543931
2021-12-03 19:10:00,1.58993469844
2021-12-03 19:15:00,1.63836162609
2021-12-03 19:20:00,1.49144969352
2021-12-03 19:25:00,2.07232146346
2021-12-03 19:30:00,1.95162293881
2021-12-03 19:35:00,2.20147996755
2021-12-03 19:40:00,2.40022103162
2021-12-03 19:45:00,2.04349397071
2021-12-03 19:50:00,2.60722757256
2021-12-03 19:55:00,2.37516027867
2021-12-03 20:00:00,2.1081846727
2021-12-03 20:05:00,1.8690241687
2021-12-03 20:10:00,2.27705745788
2021-12-03 20:15:00,2.58362797119
2021-12-03 20:20:00,2.17776995059
2021-12-03 20:25:00,2.30565947653
2021-12-03 20:30:00,2.2532062693
2021-12-03 20:35:00,2.21697700731
2021-12-03 20:40:00,1.62575112209
2021-12-03 20:45:00,1.81963843468
2021-12-03 20:50:00,2.04083519196
2021-12-03 20:55:00,2.1100126187
2021-12-03 21:00:00,1.97651799502
2021-12-03 21:05:00,2.05372004283
2021-12-03 21:10:00,2.40338353543
2021-12-03 21:15:00,2.20537956272
2021-12-03 21:20:00,2.09038392006
2021-12-03 21:25:00,1.84769518917
2021-12-03 21:30:00,2.15707540755
2021-12-03 21:35:00,1.755977621
2021-12-03 21:40:00,2.13545344987
2021-12-03 21:45:00,2.02353985971
2021-12-03 21:50:00,2.34787641598
2021-12-03 21:55:00,1.86795962316
2021-12-03 22:00:00,1.17247307163
2021-12-03 22:05:00,1.88214018746
2021-12-03 22:10:00,2.1302383318
2021-12-03 22:15:00,1.69832916806
2021-12-03 22:20:00,1.53054055854
2021-12-03 22:25:00,1.74361099718
2021-12-03 22:30:00,1.85420930957
2021-12-03 22:35:00,1.76621251616
2021-12-03 22:40:00,2.21864549098
2021-12-03 22:45:00,1.72963536528
2021-12-03 22:50:00,1.9232359914
2021-12-03 22:55:00,2.21556467754
2021-12-03 23:00:00,2.2501288013
2021-12-03 23:05:00,2.54097135069
2021-12-03 23:10:00,2.36903302075
2021-12-03 23:15:00,2.19119932324
2021-12-03 23:20:00,2.40092886074
2021-12-03 23:25:00,2.34542205267
2021-12-03 23:30:00,2.22497410297
2021-12-03 23:35:00,2.1312299244
2021-12-03 23:40:00,2.51888128149
2021-12-03 23:45:00,2.35390699605
2021-12-03 23:50:00,2.32524643971
2021-12-03 23:55:00,2.58446009586
2021-12-04 00:00:00,2.24414314042
2021-12-04 00:05:00,2.25637841822
2021-12-04 00:10:00,2.35874332195
2021-12-04 00:15:00,1.49104666052
2021-12-04 00:20:00,1.52414942232
2021-12-04 00:25:00,1.31674747747
2021-12-04 00:30:00,1.36967762675
2021-12-04 00:35:00,1.01117880783
2021-12-04 00:40:00,1.15051830585
2021-12-04 00:45:00,1.21335507098
2021-12-04 00:50:00,1.14725374081
2021-12-04 00:55:00,1.03703559847
2021-12-04 01:00:00,2.44713224214
2021-12-04 01:05:00,2.88745166274
2021-12-04 01:10:00,2.68349704412
2021-12-04 01:15:00,2.43717758343
2021-12-04 01:20:00,2.92037927715
2021-12-04 01:25:00,2.11841571375
2021-12-04 01:30:00,1.67937398255
2021-12-04 01:35:00,1.0222483338
2021-12-04 01:40:00,1.35900160746
2021-12-04 01:45:00,1.09535253248
2021-12-04 01:50:00,1.16267278262
2021-12-04 01:55:00,1.14421598456
2021-12-04 02:00:00,1.46197197926
2021-12-04 02:05:00,1.55097906801
2021-12-04 02:10:00,1.54976081056
2021-12-04 02:15:00,1.54294568052
2021-12-04 02:20:00,1.9973292025
2021-12-04 02:25:00,2.13259714576
2021-12-04 02:30:00,2.07355441979
2021-12-04 02:35:00,2.1576115466
2021-12-04 02:40:00,2.12484265115
2021-12-04 02:45:00,1.81346308025
2021-12-04 02:50:00,1.9254318725
2021-12-04 02:55:00,1.87980864302
2021-12-04 03:00:00,2.25291854919
2021-12-04 03:05:00,2.23421660948
2021-12-04 03:10:00,2.01641161197
2021-12-04 03:15:00,1.99539052747
2021-12-04 03:20:00,1.9470416585
2021-12-04 03:25:00,1.93682922115
2021-12-04 03:30:00,2.15511104767
2021-12-04 03:35:00,2.17041668509
2021-12-04 03:40:00,1.88560341722
2021-12-04 03:45:00,1.82541957412
2021-12-04 03:50:00,2.09182809134
2021-12-04 03:55:00,1.9417733796
2021-12-04 04:00:00,1.9318288077
2021-12-04 04:05:00,1.91170035326
2021-12-04 04:10:00,1.70688569391
2021-12-04 04:15:00,1.89460055774
2021-12-04 04:20:00,2.27634845021
2021-12-04 04:25:00,1.75042024801
2021-12-04 04:30:00,3.28005014043
2021-12-04 04:35:00,2.4568192559
2021-12-04 04:40:00,2.31023795422
2021-12-04 04:45:00,2.51111468091
2021-12-04 04:50:00,2.56557130285
2021-12-04 04:55:00,2.4770156231
2021-12-04 05:00:00,2.27003137193
2021-12-04 05:05:00,2.38386725882
2021-12-04 05:10:00,3.13011639392
2021-12-04 05:15:00,4.19089101335
2021-12-04 05:20:00,4.15387697422
2021-12-04 05:25:00,4.16892244521
2021-12-04 05:30:00,4.22716968894
2021-12-04 05:35:00,4.12035762033
2021-12-04 05:40:00,4.04298994077
2021-12-04 05:45:00,3.75917936979
2021-12-04 05:50:00,2.11807178623
2021-12-04 05:55:00,2.09378014982
2021-12-04 06:00:00,1.4821268085
2021-12-04 06:05:00,1.61562143218
2021-12-04 06:10:00,1.96136241288
2021-12-04 06:15:00,1.86444226532
2021-12-04 06:20:00,2.2610909916
2021-12-04 06:25:00,2.28718472439
2021-12-04 06:30:00,2.53628156867
2021-12-04 06:35:00,1.97259320403
2021-12-04 06:40:00,2.21289226403
2021-12-04 06:45:00,2.67656385008
2021-12-04 06:50:00,2.59257950437
2021-12-04 06:55:00,2.66832734973
2021-12-04 07:00:00,1.82092854706
2021-12-04 07:05:00,2.63090902225
2021-12-04 07:10:00,2.79995310324
2021-12-04 07:15:00,1.94124948929
2021-12-04 07:20:00,3.10376045701
2021-12-04 07:25:00,3.26873777959
2021-12-04 07:30:00,3.19594317195
2021-12-04 07:35:00,3.01091303824
2021-12-04 07:40:00,2.56542139327
2021-12-04 07:45:00,2.67362952583
2021-12-04 07:50:00,2.57550878132
2021-12-04 07:55:00,2.37457328159
2021-12-04 08:00:00,2.34323943058
2021-12-04 08:05:00,2.30904461146
2021-12-04 08:10:00,2.65590074816
2021-12-04 08:15:00,2.98716548385
2021-12-04 08:20:00,3.66229345025
2021-12-04 08:25:00,3.98951549467
2021-12-04 08:30:00,4.29884154187
2021-12-04 08:35:00,7.18709790167
2021-12-04 08:40:00,9.74220464626
2021-12-04 08:45:00,11.8589533772
2021-12-04 08:50:00,12.9079792899
2021-12-04 08:55:00,14.6301662106
2021-12-04 09:00:00,20.7228052931
2021-12-04 09:05:00,27.8547669911
2021-12-04 09:10:00,31.5542917307
2021-12-04 09:15:00,29.7942063267
2021-12-04 09:20:00,26.1934940003
2021-12-04 09:25:00,27.24503406
2021-12-04 09:30:00,28.8657632448
2021-12-04 09:35:00,33.6117058317
2021-12-04 09:40:00,33.6390251001
2021-12-04 09:45:00,35.9374827698
2021-12-04 09:50:00,37.5821742417
2021-12-04 09:55:00,34.9187341959
2021-12-04 10:00:00,31.2458212781
2021-12-04 10:05:00,45.9427791108
2021-12-04 10:10:00,83.9999808177
2021-12-04 10:15:00,89.795613557
2021-12-04 10:20:00,94.1209439804
2021-12-04 10:25:00,77.2876613621
2021-12-04 10:30:00,75.0797290683
2021-12-04 10:35:00,111.927141749
2021-12-04 10:40:00,121.289710503
2021-12-04 10:45:00,127.341457498
2021-12-04 10:50:00,127.293384081
2021-12-04 10:55:00,129.060106591
2021-12-04 11:00:00,140.671814509
2021-12-04 11:05:00,135.850235847
2021-12-04 11:10:00,139.542591002
2021-12-04 11:15:00,144.806461346
2021-12-04 11:20:00,147.801440096
2021-12-04 11:25:00,151.707498142
2021-12-04 11:30:00,152.246938765
2021-12-04 11:35:00,153.107332706
2021-12-04 11:40:00,155.688592769
2021-12-04 11:45:00,158.64424504
2021-12-04 11:50:00,158.888125776
2021-12-04 11:55:00,155.173098355
2021-12-04 12:00:00,154.869291001
2021-12-04 12:05:00,154.231558881
2021-12-04 12:10:00,152.535770545
2021-12-04 12:15:00,151.420997346
2021-12-04 12:20:00,149.45512046
2021-12-04 12:25:00,148.353547841
2021-12-04 12:30:00,146.373516358
2021-12-04 12:35:00,144.390927191
2021-12-04 12:40:00,142.388953764
2021-12-04 12:45:00,139.63378396
2021-12-04 12:50:00,135.211567672
2021-12-04 12:55:00,131.095539824
2021-12-04 13:00:00,126.848191058
2021-12-04 13:05:00,123.057860485
2021-12-04 13:10:00,119.58312666
2021-12-04 13:15:00,116.076240413
2021-12-04 13:20:00,112.54073224
2021-12-04 13:25:00,109.189586121
2021-12-04 13:30:00,107.454622539
2021-12-04 13:35:00,98.2466308923
2021-12-04 13:40:00,96.493841227
2021-12-04 13:45:00,93.7425799285
2021-12-04 13:50:00,100.30772582
2021-12-04 13:55:00,98.1196706326
2021-12-04 14:00:00,89.5190346393
2021-12-04 14:05:00,80.9892888387
2021-12-04 14:10:00,75.0007781415
2021-12-04 14:15:00,66.9103736164
2021-12-04 14:20:00,58.39491182
2021-12-04 14:25:00,53.1521681265
2021-12-04 14:30:00,48.2117793205
2021-12-04 14:35:00,42.9044335943
2021-12-04 14:40:00,38.3668850383
2021-12-04 14:45:00,30.914037701
2021-12-04 14:50:00,24.9425860156
2021-12-04 14:55:00,22.8804583048
2021-12-04 15:00:00,18.1386572453
2021-12-04 15:05:00,9.39978938296
2021-12-04 15:10:00,8.0625649567
2021-12-04 15:15:00,6.96416415042
2021-12-04 15:20:00,3.47971968125
2021-12-04 15:25:00,3.2198661326
2021-12-04 15:30:00,3.85964341149
2021-12-04 15:35:00,2.98490304273
2021-12-04 15:40:00,1.89262532007
2021-12-04 15:45:00,1.22194532897
2021-12-04 15:50:00,1.14282456297
2021-12-04 15:55:00,0.801175998697
2021-12-04 16:00:00,0.489483922629
2021-12-04 16:05:00,1.55877815234
2021-12-04 16:10:00,2.26107751585
2021-12-04 16:15:00,2.65840813928
2021-12-04 16:20:00,2.53925394697
2021-12-04 16:25:00,2.9506481399
2021-12-04 16:30:00,2.52023943171
2021-12-04 16:35:00,2.65686975756
2021-12-04 16:40:00,2.55374207386
2021-12-04 16:45:00,2.00474007723
2021-12-04 16:50:00,1.86729087019
2021-12-04 16:55:00,2.22732855613
2021-12-04 17:00:00,2.21262313978
2021-12-04 17:05:00,2.0087389669
2021-12-04 17:10:00,1.92682130523
2021-12-04 17:15:00,2.41867353861
2021-12-04 17:20:00,2.57763580432
2021-12-04 17:25:00,2.26873966434
2021-12-04 17:30:00,2.38880064695
2021-12-04 17:35:00,2.23800749715
2021-12-04 17:40:00,2.35498922167
2021-12-04 17:45:00,2.60100447727
2021-12-04 17:50:00,2.41851000088
2021-12-04 17:55:00,2.32355490759
2021-12-04 18:00:00,2.50514472185
2021-12-04 18:05:00,2.40707855616
2021-12-04 18:10:00,2.51766837667
2021-12-04 18:15:00,2.63235210753
2021-12-04 18:20:00,2.59324760775
2021-12-04 18:25:00,2.89575104748
2021-12-04 18:30:00,3.51255965266
2021-12-04 18:35:00,2.92977556075
2021-12-04 18:40:00,3.35483020448
2021-12-04 18:45:00,3.44599560097
2021-12-04 18:50:00,3.31606911213
2021-12-04 18:55:00,3.13706752176
2021-12-04 19:00:00,2.79995310324
2021-12-04 19:05:00,2.85054901161
2021-12-04 19:10:00,2.74345047385
2021-12-04 19:15:00,2.95227818241
2021-12-04 19:20:00,2.89091176901
2021-12-04 19:25:00,2.59882422574
2021-12-04 19:30:00,2.06928156269
2021-12-04 19:35:00,2.37060254303
2021-12-04 19:40:00,2.12425267092
2021-12-04 19:45:00,2.22028325335
2021-12-04 19:50:00,2.38371342899
2021-12-04 19:55:00,2.60119948495
2021-12-04 20:00:00,2.6621962491
2021-12-04 20:05:00,2.38170226641
2021-12-04 20:10:00,2.27074451627
2021-12-04 20:15:00,2.03042565042
2021-12-04 20:20:00,2.48521976579
2021-12-04 20:25:00,3.16174904367
2021-12-04 20:30:00,2.48718335752
2021-12-04 20:35:00,2.71265986111
2021-12-04 20:40:00,2.61085008655
2021-12-04 20:45:00,2.653608292
2021-12-04 20:50:00,2.83722109733
2021-12-04 20:55:00,1.85556485053
2021-12-04 21:00:00,1.3368024406
2021-12-04 21:05:00,2.79801137973
2021-12-04 21:10:00,0.909081703813
2021-12-04 21:15:00,0.773647677567
2021-12-04 21:20:00,1.54408599313
2021-12-04 21:25:00,1.72270632855
2021-12-04 21:30:00,1.56757646339
2021-12-04 21:35:00,2.34229655004
2021-12-04 21:40:00,2.54539273213
2021-12-04 21:45:00,2.7401090301
2021-12-04 21:50:00,2.3756250143
2021-12-04 21:55:00,2.37340069199
2021-12-04 22:00:00,1.81662728543
2021-12-04 22:05:00,1.8835655767
2021-12-04 22:10:00,1.83159612168
2021-12-04 22:15:00,2.34238002313
2021-12-04 22:20:00,2.31224619688
2021-12-04 22:25:00,1.89104105736
2021-12-04 22:30:00,0.950172881197
2021-12-04 22:35:00,1.48509589405
2021-12-04 22:40:00,1.62977436237
2021-12-04 22:45:00,1.66623098193
2021-12-04 22:50:00,1.98100617086
2021-12-04 22:55:00,1.60162536802
2021-12-04 23:00:00,1.67920394198
2021-12-04 23:05:00,1.81865361429
2021-12-04 23:10:00,1.35859039812
2021-12-04 23:15:00,0.823190062257
2021-12-04 23:20:00,0.0
2021-12-04 23:25:00,0.0758633948823
2021-12-04 23:30:00,0.160480925096
2021-12-04 23:35:00,0.150961621311
2021-12-04 23:40:00,0.156470065492
2021-12-04 23:45:00,0.265559270766
2021-12-04 23:50:00,0.07182537184
2021-12-04 23:55:00,0.490317233221
2021-12-05 00:00:00,0.547227102642
2021-12-05 00:05:00,0.311538223081
2021-12-05 00:10:00,0.199283220757
2021-12-05 00:15:00,0.760571867142
2021-12-05 00:20:00,0.245289434743
2021-12-05 00:25:00,0.0179408752069
2021-12-05 00:30:00,0.0
2021-12-05 00:35:00,0.150061726965
2021-12-05 00:40:00,2.98549246465
2021-12-05 00:45:00,3.22133820695
2021-12-05 00:50:00,2.10780992248
2021-12-05 00:55:00,2.86697324284
2021-12-05 01:00:00,3.05091039535
2021-12-05 01:05:00,3.44638835237
2021-12-05 01:10:00,3.22780370456
2021-12-05 01:15:00,3.25961179267
2021-12-05 01:20:00,3.27278986408
2021-12-05 01:25:00,3.62539915347
2021-12-05 01:30:00,3.72240993498
2021-12-05 01:35:00,3.66523993044
2021-12-05 01:40:00,3.52752747569
2021-12-05 01:45:00,3.33052013789
2021-12-05 01:50:00,3.74641989049
2021-12-05 01:55:00,3.44130183165
2021-12-05 02:00:00,3.70223543452
2021-12-05 02:05:00,3.94604787079
2021-12-05 02:10:00,4.07394790963
2021-12-05 02:15:00,4.65269430115
2021-12-05 02:20:00,4.61851328617
2021-12-05 02:25:00,4.67203900083
2021-12-05 02:30:00,4.69182264947
2021-12-05 02:35:00,4.84786471869
2021-12-05 02:40:00,4.8467615352
2021-12-05 02:45:00,4.82469925665
2021-12-05 02:50:00,4.52422998831
2021-12-05 02:55:00,4.02991529692
2021-12-05 03:00:00,4.42810976245
2021-12-05 03:05:00,4.29991391281
2021-12-05 03:10:00,4.21112741657
2021-12-05 03:15:00,4.08645865834
2021-12-05 03:20:00,3.85714703748
2021-12-05 03:25:00,3.49126298449
2021-12-05 03:30:00,3.78850643341
2021-12-05 03:35:00,3.94289824058
2021-12-05 03:40:00,3.61790003392
2021-12-05 03:45:00,3.55302583241
2021-12-05 03:50:00,3.53277236993
2021-12-05 03:55:00,3.71062488819
2021-12-05 04:00:00,3.55996269705
2021-12-05 04:05:00,3.53844328794
2021-12-05 04:10:00,3.94788856377
2021-12-05 04:15:00,3.76587811484
2021-12-05 04:20:00,3.97117540037
2021-12-05 04:25:00,3.82378020225
2021-12-05 04:30:00,3.80106943769
2021-12-05 04:35:00,3.98937301206
2021-12-05 04:40:00,3.94627945658
2021-12-05 04:45:00,3.77335193728
2021-12-05 04:50:00,3.80814329951
2021-12-05 04:55:00,3.86813252473
2021-12-05 05:00:00,3.97879620817
2021-12-05 05:05:00,4.02389773783
2021-12-05 05:10:00,4.10515161401
2021-12-05 05:15:00,4.21370563891
2021-12-05 05:20:00,4.34182413126
2021-12-05 05:25:00,4.28833224299
2021-12-05 05:30:00,4.56820668532
2021-12-05 05:35:00,4.82251023757
2021-12-05 05:40:00,4.91236097996
2021-12-05 05:45:00,4.84472896837
2021-12-05 05:50:00,5.21974774511
2021-12-05 05:55:00,5.13527188424
2021-12-05 06:00:00,3.66367263431
2021-12-05 06:05:00,3.62539349551
2021-12-05 06:10:00,3.68288331354
2021-12-05 06:15:00,3.81702771515
2021-12-05 06:20:00,3.91633842419
2021-12-05 06:25:00,4.30476966715
2021-12-05 06:30:00,4.52102581905
2021-12-05 06:35:00,4.52950377279
2021-12-05 06:40:00,4.52406085895
2021-12-05 06:45:00,4.61491250351
2021-12-05 06:50:00,4.28569124377
2021-12-05 06:55:00,4.10497466626
2021-12-05 07:00:00,4.27443305991
2021-12-05 07:05:00,4.40327036648
2021-12-05 07:10:00,4.32374964164
2021-12-05 07:15:00,4.54329904925
2021-12-05 07:20:00,4.42069888772
2021-12-05 07:25:00,4.43123515897
2021-12-05 07:30:00,4.40396704489
2021-12-05 07:35:00,4.43547368481
2021-12-05 07:40:00,4.38010329062
2021-12-05 07:45:00,4.41604158048
2021-12-05 07:50:00,4.60348102031
2021-12-05 07:55:00,4.54947476493
2021-12-05 08:00:00,4.37012989888
2021-12-05 08:05:00,4.58265993825
2021-12-05 08:10:00,4.58019517087
2021-12-05 08:15:00,5.05734364287
2021-12-05 08:20:00,5.25472088689
2021-12-05 08:25:00,5.4950002964
2021-12-05 08:30:00,5.78012799197
2021-12-05 08:35:00,6.02622323072
2021-12-05 08:40:00,6.57242440914
2021-12-05 08:45:00,7.0570683559
2021-12-05 08:50:00,7.59793178745
2021-12-05 08:55:00,8.6877547988
2021-12-05 09:00:00,10.6005075015
2021-12-05 09:05:00,11.3034466266
2021-12-05 09:10:00,13.90016884
2021-12-05 09:15:00,15.6295261517
2021-12-05 09:20:00,16.1677584142
2021-12-05 09:25:00,17.7484091987
2021-12-05 09:30:00,19.3754999855
2021-12-05 09:35:00,23.1026851161
2021-12-05 09:40:00,25.5405426204
2021-12-05 09:45:00,28.4681891215
2021-12-05 09:50:00,31.8558210753
2021-12-05 09:55:00,39.8480418256
2021-12-05 10:00:00,50.1290491313
2021-12-05 10:05:00,40.0883681552
2021-12-05 10:10:00,43.8828621538
2021-12-05 10:15:00,49.6704665885
2021-12-05 10:20:00,46.9734454944
2021-12-05 10:25:00,50.1996023904
2021-12-05 10:30:00,47.6790801851
2021-12-05 10:35:00,53.7359340208
2021-12-05 10:40:00,59.0548413634
2021-12-05 10:45:00,58.0630668379
2021-12-05 10:50:00,56.8568221529
2021-12-05 10:55:00,55.5536873321
2021-12-05 11:00:00,70.0473234992
2021-12-05 11:05:00,76.5887918503
2021-12-05 11:10:00,84.4912271381
2021-12-05 11:15:00,84.4844648451
2021-12-05 11:20:00,89.3808416699
2021-12-05 11:25:00,98.7157796107
2021-12-05 11:30:00,85.6279305945
2021-12-05 11:35:00,76.1994741942
2021-12-05 11:40:00,77.9000232727
2021-12-05 11:45:00,135.012676763
2021-12-05 11:50:00,140.438010283
2021-12-05 11:55:00,141.808495062
2021-12-05 12:00:00,141.412213793
2021-12-05 12:05:00,140.749676462
2021-12-05 12:10:00,139.763145243
2021-12-05 12:15:00,140.587191643
2021-12-05 12:20:00,141.36982793
2021-12-05 12:25:00,138.405192331
2021-12-05 12:30:00,83.4801421948
2021-12-05 12:35:00,133.978364576
2021-12-05 12:40:00,160.969675875
2021-12-05 12:45:00,152.019362097
2021-12-05 12:50:00,110.364122253
2021-12-05 12:55:00,125.335578786
2021-12-05 13:00:00,83.1783871416
2021-12-05 13:05:00,58.4339568631
2021-12-05 13:10:00,124.405239907
2021-12-05 13:15:00,128.43287433
2021-12-05 13:20:00,82.9286429636
2021-12-05 13:25:00,66.1888765069
2021-12-05 13:30:00,59.4207718439
2021-12-05 13:35:00,50.093499674
2021-12-05 13:40:00,75.1949633007
2021-12-05 13:45:00,63.1308719008
2021-12-05 13:50:00,61.4057880737
2021-12-05 13:55:00,70.6521355275
2021-12-05 14:00:00,55.6382464769
2021-12-05 14:05:00,40.3497329237
2021-12-05 14:10:00,36.6690588657
2021-12-05 14:15:00,48.6740586795
2021-12-05 14:20:00,55.2980984653
2021-12-05 14:25:00,50.9188309352
2021-12-05 14:30:00,45.5108602293
2021-12-05 14:35:00,38.8392738982
2021-12-05 14:40:00,33.6524780015
2021-12-05 14:45:00,27.4623187203
2021-12-05 14:50:00,20.6802240748
2021-12-05 14:55:00,20.4760136018
2021-12-05 15:00:00,19.0515817303
2021-12-05 15:05:00,15.0982680936
2021-12-05 15:10:00,10.7939546714
2021-12-05 15:15:00,8.9248729621
2021-12-05 15:20:00,7.46496678934
2021-12-05 15:25:00,7.0443790617
2021-12-05 15:30:00,5.87858248761
2021-12-05 15:35:00,4.75827069218
2021-12-05 15:40:00,3.18783234495
2021-12-05 15:45:00,1.58412517643
2021-12-05 15:50:00,1.20915556403
2021-12-05 15:55:00,2.14000082198
2021-12-05 16:00:00,2.24699242803
2021-12-05 16:05:00,2.81260367205
2021-12-05 16:10:00,3.10031080239
2021-12-05 16:15:00,2.60713208284
2021-12-05 16:20:00,1.97259320403
2021-12-05 16:25:00,2.21304602281
2021-12-05 16:30:00,1.82048779825
2021-12-05 16:35:00,2.2315019256
2021-12-05 16:40:00,2.01253125954
2021-12-05 16:45:00,1.64944932512
2021-12-05 16:50:00,0.769981561145
2021-12-05 16:55:00,0.919509557183
2021-12-05 17:00:00,1.8575808372
2021-12-05 17:05:00,3.24868202117
2021-12-05 17:10:00,2.68833080718
2021-12-05 17:15:00,3.15084063168
2021-12-05 17:20:00,3.15405903744
2021-12-05 17:25:00,3.12760560336
2021-12-05 17:30:00,2.47104559543
2021-12-05 17:35:00,1.99559504891
2021-12-05 17:40:00,2.61732219973
2021-12-05 17:45:00,2.79869433423
2021-12-05 17:50:00,3.08438968594
2021-12-05 17:55:00,2.94598940823
2021-12-05 18:00:00,3.13124807923
2021-12-05 18:05:00,3.54113860605
2021-12-05 18:10:00,2.88771758044
2021-12-05 18:15:00,3.26170904941
2021-12-05 18:20:00,2.77738694318
2021-12-05 18:25:00,3.08366275698
2021-12-05 18:30:00,3.20282421719
2021-12-05 18:35:00,3.1416377685
2021-12-05 18:40:00,3.29085209442
2021-12-05 18:45:00,3.70077212236
2021-12-05 18:50:00,3.40003015877
2021-12-05 18:55:00,3.23966018984
2021-12-05 19:00:00,3.08157663827
2021-12-05 19:05:00,3.06994618558
2021-12-05 19:10:00,2.79793568984
2021-12-05 19:15:00,2.48733405606
2021-12-05 19:20:00,2.24238425602
2021-12-05 19:25:00,1.96559124318
2021-12-05 19:30:00,2.03056517457
2021-12-05 19:35:00,2.05429270287
2021-12-05 19:40:00,1.80905476986
2021-12-05 19:45:00,2.38622195817
2021-12-05 19:50:00,2.36184839381
2021-12-05 19:55:00,2.79917765963
2021-12-05 20:00:00,2.45320265983
2021-12-05 20:05:00,2.11279546187
2021-12-05 20:10:00,2.02276230059
2021-12-05 20:15:00,1.86879195342
2021-12-05 20:20:00,1.86224408714
2021-12-05 20:25:00,2.48909315185
2021-12-05 20:30:00,2.30508295831
2021-12-05 20:35:00,2.59642542088
2021-12-05 20:40:00,2.33875475965
2021-12-05 20:45:00,2.37453357101
2021-12-05 20:50:00,2.11232741702
2021-12-05 20:55:00,2.14774402831
2021-12-05 21:00:00,2.20960839302
2021-12-05 21:05:00,2.59087515902
2021-12-05 21:10:00,2.58322504292
2021-12-05 21:15:00,2.26143201968
2021-12-05 21:20:00,2.44524356311
2021-12-05 21:25:00,2.74415982603
2021-12-05 21:30:00,2.52921982871
2021-12-05 21:35:00,1.83609354621
2021-12-05 21:40:00,1.85134461807
2021-12-05 21:45:00,1.74164759133
2021-12-05 21:50:00,2.0891976957
2021-12-05 21:55:00,1.87166709448
2021-12-05 22:00:00,1.29573088188
2021-12-05 22:05:00,1.28362630875
2021-12-05 22:10:00,2.16046660097
2021-12-05 22:15:00,1.8476406766
2021-12-05 22:20:00,2.31628404775
2021-12-05 22:25:00,1.92198096443
2021-12-05 22:30:00,1.90636033617
2021-12-05 22:35:00,1.62069119446
2021-12-05 22:40:00,2.06783344678
2021-12-05 22:45:00,2.91588700044
2021-12-05 22:50:00,2.77612612775
2021-12-05 22:55:00,3.36021855277
2021-12-05 23:00:00,3.34682731423
2021-12-05 23:05:00,2.71544705839
2021-12-05 23:10:00,3.19144729954
2021-12-05 23:15:00,2.5669477454
2021-12-05 23:20:00,3.00524923598
2021-12-05 23:25:00,3.18160125834
2021-12-05 23:30:00,2.93039671791
2021-12-05 23:35:00,3.04735344977
2021-12-05 23:40:00,3.47337386683
2021-12-05 23:45:00,3.54726102821
2021-12-05 23:50:00,3.63840737973
2021-12-05 23:55:00,3.83801531834
2021-12-06 00:00:00,3.94089633969
2021-12-06 00:05:00,3.91996456951
2021-12-06 00:10:00,3.55139035585
2021-12-06 00:15:00,3.72915372631
2021-12-06 00:20:00,4.18240446265
2021-12-06 00:25:00,4.35019587564
2021-12-06 00:30:00,4.23509533541
2021-12-06 00:35:00,4.14965932191
2021-12-06 00:40:00,4.06162117383
2021-12-06 00:45:00,3.99767118762
2021-12-06 00:50:00,4.07283040182
2021-12-06 00:55:00,3.82226334612
2021-12-06 01:00:00,3.65552765932
2021-12-06 01:05:00,3.93169059123
2021-12-06 01:10:00,4.07437038209
2021-12-06 01:15:00,3.47812545367
2021-12-06 01:20:00,3.75950574297
2021-12-06 01:25:00,4.03238207041
2021-12-06 01:30:00,4.03236844226
2021-12-06 01:35:00,3.71837740618
2021-12-06 01:40:00,3.95329795074
2021-12-06 01:45:00,3.95471024497
2021-12-06 01:50:00,3.99923842418
2021-12-06 01:55:00,4.06090444011
2021-12-06 02:00:00,4.49813751997
2021-12-06 02:05:00,4.60645484291
2021-12-06 02:10:00,4.79508114973
2021-12-06 02:15:00,5.07315190482
2021-12-06 02:20:00,5.04834288823
2021-12-06 02:25:00,5.20924049906
2021-12-06 02:30:00,5.16403589241
2021-12-06 02:35:00,5.14075135868
2021-12-06 02:40:00,5.11242611106
2021-12-06 02:45:00,5.0263780098
2021-12-06 02:50:00,5.03812673952
2021-12-06 02:55:00,4.578359183
2021-12-06 03:00:00,4.88944241883
2021-12-06 03:05:00,5.17828956095
2021-12-06 03:10:00,5.13880328781
2021-12-06 03:15:00,5.07932334927
2021-12-06 03:20:00,5.17237631654
2021-12-06 03:25:00,5.17437965371
2021-12-06 03:30:00,5.25778022821
2021-12-06 03:35:00,5.29747299711
2021-12-06 03:40:00,5.14986262265
2021-12-06 03:45:00,5.17378653146
2021-12-06 03:50:00,5.21258098945
2021-12-06 03:55:00,5.15774197337
2021-12-06 04:00:00,5.06405982798
2021-12-06 04:05:00,5.00467812592
2021-12-06 04:10:00,5.11975552415
2021-12-06 04:15:00,5.18135726344
2021-12-06 04:20:00,5.18846758392
2021-12-06 04:25:00,5.22710201186
2021-12-06 04:30:00,5.1463193052
2021-12-06 04:35:00,5.14133708454
2021-12-06 04:40:00,5.15733293049
2021-12-06 04:45:00,5.15465972934
2021-12-06 04:50:00,5.14320323437
2021-12-06 04:55:00,5.07765642426
2021-12-06 05:00:00,5.05764917949
2021-12-06 05:05:00,5.12391514561
2021-12-06 05:10:00,5.18098930356
2021-12-06 05:15:00,4.99164671791
2021-12-06 05:20:00,4.84015514896
2021-12-06 05:25:00,5.0517044229
2021-12-06 05:30:00,5.10516632793
2021-12-06 05:35:00,5.12283698055
2021-12-06 05:40:00,5.11976057847
2021-12-06 05:45:00,5.0137452432
2021-12-06 05:50:00,4.83875669712
2021-12-06 05:55:00,4.79339384121
2021-12-06 06:00:00,4.24437648136
2021-12-06 06:05:00,4.12360886639
2021-12-06 06:10:00,4.33797912815
2021-12-06 06:15:00,4.31376235971
2021-12-06 06:20:00,4.44433360743
2021-12-06 06:25:00,4.26596045695
2021-12-06 06:30:00,4.49430168392
2021-12-06 06:35:00,4.40229430438
2021-12-06 06:40:00,4.44523306494
2021-12-06 06:45:00,4.35754043475
2021-12-06 06:50:00,4.51216556855
2021-12-06 06:55:00,4.51396623178
2021-12-06 07:00:00,4.45913171137
2021-12-06 07:05:00,4.46233638567
2021-12-06 07:10:00,4.32126798387
2021-12-06 07:15:00,4.47867653033
2021-12-06 07:20:00,4.0056045148
2021-12-06 07:25:00,2.92886729465
2021-12-06 07:30:00,4.19183135528
2021-12-06 07:35:00,4.2568491154
2021-12-06 07:40:00,4.17947062867
2021-12-06 07:45:00,3.92789127602
2021-12-06 07:50:00,4.14012508482
2021-12-06 07:55:00,4.18021128752
2021-12-06 08:00:00,4.08245187149
2021-12-06 08:05:00,3.95526497046
2021-12-06 08:10:00,3.63603475827
2021-12-06 08:15:00,4.07887415921
2021-12-06 08:20:00,4.29758010143
2021-12-06 08:25:00,4.25224256022
2021-12-06 08:30:00,4.6383575069
2021-12-06 08:35:00,5.4490077768
2021-12-06 08:40:00,5.96242708088
2021-12-06 08:45:00,6.01314113956
2021-12-06 08:50:00,7.04392933294
2021-12-06 08:55:00,7.76787381149
2021-12-06 09:00:00,8.83233782378
2021-12-06 09:05:00,9.853289451
2021-12-06 09:10:00,11.7239710538
2021-12-06 09:15:00,14.3231882842
2021-12-06 09:20:00,15.8885457411
2021-12-06 09:25:00,17.4343324371
2021-12-06 09:30:00,18.9209306277
2021-12-06 09:35:00,22.0102344275
2021-12-06 09:40:00,24.7644627395
2021-12-06 09:45:00,25.4858133714
2021-12-06 09:50:00,26.6271894974
2021-12-06 09:55:00,30.2781825393
2021-12-06 10:00:00,31.930457767
2021-12-06 10:05:00,34.6931061407
2021-12-06 10:10:00,37.793405781
2021-12-06 10:15:00,41.8659496316
2021-12-06 10:20:00,44.8699469024
2021-12-06 10:25:00,50.0645729252
2021-12-06 10:30:00,53.7599721076
2021-12-06 10:35:00,57.2539797584
2021-12-06 10:40:00,58.3004659012
2021-12-06 10:45:00,62.0859729104
2021-12-06 10:50:00,67.3170167829
2021-12-06 10:55:00,71.773783273
2021-12-06 11:00:00,74.8498771066
2021-12-06 11:05:00,79.5709705391
2021-12-06 11:10:00,90.3370950406
2021-12-06 11:15:00,120.372007588
2021-12-06 11:20:00,136.808311456
2021-12-06 11:25:00,154.593393928
2021-12-06 11:30:00,167.614412595
2021-12-06 11:35:00,184.519229936
2021-12-06 11:40:00,186.328234561
2021-12-06 11:45:00,156.753973667
2021-12-06 11:50:00,142.88460921
2021-12-06 11:55:00,137.872551064
2021-12-06 12:00:00,136.013472404
2021-12-06 12:05:00,136.300667684
2021-12-06 12:10:00,135.983253022
2021-12-06 12:15:00,136.266042658
2021-12-06 12:20:00,134.871561743
2021-12-06 12:25:00,133.225400335
2021-12-06 12:30:00,132.282949978
2021-12-06 12:35:00,130.692771497
2021-12-06 12:40:00,128.899959187
2021-12-06 12:45:00,121.188447416
2021-12-06 12:50:00,124.097293332
2021-12-06 12:55:00,120.540478731
2021-12-06 13:00:00,118.994133536
2021-12-06 13:05:00,115.763700761
2021-12-06 13:10:00,113.709974043
2021-12-06 13:15:00,108.845302177
2021-12-06 13:20:00,107.237394195
2021-12-06 13:25:00,103.321994101
2021-12-06 13:30:00,99.8375759228
2021-12-06 13:35:00,96.7470413511
2021-12-06 13:40:00,92.0288317824
2021-12-06 13:45:00,87.4241199949
2021-12-06 13:50:00,82.8310154237
2021-12-06 13:55:00,78.1910844967
2021-12-06 14:00:00,74.1025063783
2021-12-06 14:05:00,67.7864618524
2021-12-06 14:10:00,58.5443668677
2021-12-06 14:15:00,32.1654827378
2021-12-06 14:20:00,23.1704937238
2021-12-06 14:25:00,18.2585241223
2021-12-06 14:30:00,19.9135581002
2021-12-06 14:35:00,18.6620882903
2021-12-06 14:40:00,17.9711875885
2021-12-06 14:45:00,17.3694193719
2021-12-06 14:50:00,15.7852783221
2021-12-06 14:55:00,13.1254604849
2021-12-06 15:00:00,10.3734607817
2021-12-06 15:05:00,8.52996359755
2021-12-06 15:10:00,8.00611556767
2021-12-06 15:15:00,5.95279862836
2021-12-06 15:20:00,6.53865711736
2021-12-06 15:25:00,5.92486771734
2021-12-06 15:30:00,4.50878250431
2021-12-06 15:35:00,3.67432984293
2021-12-06 15:40:00,4.09610323234
2021-12-06 15:45:00,3.55179870375
2021-12-06 15:50:00,2.81128110006
2021-12-06 15:55:00,2.6761438651
2021-12-06 16:00:00,1.84088167342
2021-12-06 16:05:00,2.23196662807
2021-12-06 16:10:00,2.32713794173
2021-12-06 16:15:00,2.57662683187
2021-12-06 16:20:00,2.47303620505
2021-12-06 16:25:00,2.57878112439
2021-12-06 16:30:00,2.37847745043
2021-12-06 16:35:00,2.66428063229
2021-12-06 16:40:00,2.77978479794
2021-12-06 16:45:00,2.61527314404
2021-12-06 16:50:00,2.63193212636
2021-12-06 16:55:00,3.07310945055
2021-12-06 17:00:00,2.83426931018
2021-12-06 17:05:00,2.33438616972
2021-12-06 17:10:00,2.05427390704
2021-12-06 17:15:00,2.11034001202
2021-12-06 17:20:00,2.13856404394
2021-12-06 17:25:00,2.15855773418
2021-12-06 17:30:00,2.77381277182
2021-12-06 17:35:00,2.10121555162
2021-12-06 17:40:00,0.793789928724
2021-12-06 17:45:00,2.21466022283
2021-12-06 17:50:00,2.520945793
2021-12-06 17:55:00,2.48140164831
2021-12-06 18:00:00,2.4850971125
2021-12-06 18:05:00,2.3950221397
2021-12-06 18:10:00,2.30865851181
2021-12-06 18:15:00,2.29702872521
2021-12-06 18:20:00,2.28834648497
2021-12-06 18:25:00,2.21651365042
2021-12-06 18:30:00,2.1651628038
2021-12-06 18:35:00,2.30759537708
2021-12-06 18:40:00,2.36564643028
2021-12-06 18:45:00,2.00300151827
2021-12-06 18:50:00,1.91476402691
2021-12-06 18:55:00,2.00257604748
2021-12-06 19:00:00,1.67393735915
2021-12-06 19:05:00,1.15120163344
2021-12-06 19:10:00,0.11452308868
2021-12-06 19:15:00,0.763771312602
2021-12-06 19:20:00,0.0
2021-12-06 19:25:00,1.38587572498
2021-12-06 19:30:00,1.72083397011
2021-12-06 19:35:00,1.74488998568
2021-12-06 19:40:00,1.78481556844
2021-12-06 19:45:00,1.68789544358
2021-12-06 19:50:00,1.12326907279
2021-12-06 19:55:00,1.2138143465
2021-12-06 20:00:00,1.60201398526
2021-12-06 20:05:00,1.24379811749
2021-12-06 20:10:00,0.855007551601
2021-12-06 20:15:00,1.17096674657
2021-12-06 20:20:00,1.68632433599
2021-12-06 20:25:00,1.12509075848
2021-12-06 20:30:00,1.52909410763
2021-12-06 20:35:00,1.69008976967
2021-12-06 20:40:00,1.90233612669
2021-12-06 20:45:00,1.88134307672
2021-12-06 20:50:00,1.635265031
2021-12-06 20:55:00,1.84575164896
2021-12-06 21:00:00,1.68416940724
2021-12-06 21:05:00,1.95683552786
2021-12-06 21:10:00,1.64740586639
2021-12-06 21:15:00,1.68846644449
2021-12-06 21:20:00,1.48114462856
2021-12-06 21:25:00,1.50338011099
2021-12-06 21:30:00,1.35170149714
2021-12-06 21:35:00,1.36333760117
2021-12-06 21:40:00,1.53621720677
2021-12-06 21:45:00,1.93825390148
2021-12-06 21:50:00,1.92012877457
2021-12-06 21:55:00,2.04240048259
2021-12-06 22:00:00,1.67048776416
2021-12-06 22:05:00,1.27893822721
2021-12-06 22:10:00,1.62246285318
2021-12-06 22:15:00,0.178522742999
2021-12-06 22:20:00,0.569061834058
2021-12-06 22:25:00,0.339046019518
2021-12-06 22:30:00,0.602191852138
2021-12-06 22:35:00,0.776729061087
2021-12-06 22:40:00,1.17328250304
2021-12-06 22:45:00,1.68242330957
2021-12-06 22:50:00,1.88305433302
2021-12-06 22:55:00,2.0696364112
2021-12-06 23:00:00,1.89164361715
2021-12-06 23:05:00,1.80677252429
2021-12-06 23:10:00,1.8261490935
2021-12-06 23:15:00,2.0986602211
2021-12-06 23:20:00,2.25396379015
2021-12-06 23:25:00,2.4868691882
2021-12-06 23:30:00,2.35862793612
2021-12-06 23:35:00,2.11466000333
2021-12-06 23:40:00,2.33521478471
2021-12-06 23:45:00,2.58857560994
2021-12-06 23:50:00,2.64607824579
2021-12-06 23:55:00,2.68656000807
2021-12-07 00:00:00,2.41329600801
2021-12-07 00:05:00,2.69171340378
2021-12-07 00:10:00,2.96702916899
2021-12-07 00:15:00,3.12254881622
2021-12-07 00:20:00,2.61928326344
2021-12-07 00:25:00,2.37246171837
2021-12-07 00:30:00,2.51040278883
2021-12-07 00:35:00,3.00697929619
2021-12-07 00:40:00,2.94724695493
2021-12-07 00:45:00,2.85687001782
2021-12-07 00:50:00,2.94153091156
2021-12-07 00:55:00,2.67091450315
2021-12-07 01:00:00,2.8246806087
2021-12-07 01:05:00,2.77027281349
2021-12-07 01:10:00,2.7871587382
2021-12-07 01:15:00,2.69659225289
2021-12-07 01:20:00,2.73573658959
2021-12-07 01:25:00,2.8007055892
2021-12-07 01:30:00,2.79085031012
2021-12-07 01:35:00,2.99721265803
2021-12-07 01:40:00,2.81422941428
2021-12-07 01:45:00,2.93969329633
2021-12-07 01:50:00,3.07228091874
2021-12-07 01:55:00,3.02830061542
2021-12-07 02:00:00,3.39559886085
2021-12-07 02:05:00,3.59650709105
2021-12-07 02:10:00,3.58930385247
2021-12-07 02:15:00,3.71300250461
2021-12-07 02:20:00,3.7896784538
2021-12-07 02:25:00,3.61419993241
2021-12-07 02:30:00,3.63191905878
2021-12-07 02:35:00,3.70626693178
2021-12-07 02:40:00,3.74538698578
2021-12-07 02:45:00,3.72991904233
2021-12-07 02:50:00,3.69523541583
2021-12-07 02:55:00,3.55703240746
2021-12-07 03:00:00,3.64282157398
2021-12-07 03:05:00,3.83727153505
2021-12-07 03:10:00,3.9250740645
2021-12-07 03:15:00,4.26304653957
2021-12-07 03:20:00,4.31636802907
2021-12-07 03:25:00,4.34084242834
2021-12-07 03:30:00,4.03318763999
2021-12-07 03:35:00,3.99145163099
2021-12-07 03:40:00,3.62211956237
2021-12-07 03:45:00,4.13990812662
2021-12-07 03:50:00,4.06639791785
2021-12-07 03:55:00,4.05853447876
2021-12-07 04:00:00,3.7120116611
2021-12-07 04:05:00,3.78141979853
2021-12-07 04:10:00,4.17955239753
2021-12-07 04:15:00,4.13304864291
2021-12-07 04:20:00,3.95367574326
2021-12-07 04:25:00,3.72391031487
2021-12-07 04:30:00,3.78614452596
2021-12-07 04:35:00,3.52458387593
2021-12-07 04:40:00,3.35246033778
2021-12-07 04:45:00,3.62596893572
2021-12-07 04:50:00,3.62461437359
2021-12-07 04:55:00,3.70139932145
2021-12-07 05:00:00,4.01983920719
2021-12-07 05:05:00,3.99511603644
2021-12-07 05:10:00,3.4650662615
2021-12-07 05:15:00,3.65848031145
2021-12-07 05:20:00,3.32734366838
2021-12-07 05:25:00,3.58069096464
2021-12-07 05:30:00,3.72957833873
2021-12-07 05:35:00,3.59576359273
2021-12-07 05:40:00,3.72151047748
2021-12-07 05:45:00,3.95467011506
2021-12-07 05:50:00,4.20823072512
2021-12-07 05:55:00,4.19213117445
2021-12-07 06:00:00,3.70915562928
2021-12-07 06:05:00,3.59734445743
2021-12-07 06:10:00,3.51435764504
2021-12-07 06:15:00,3.43602811683
2021-12-07 06:20:00,3.51745627727
2021-12-07 06:25:00,3.35299743919
2021-12-07 06:30:00,3.50502740994
2021-12-07 06:35:00,3.70906205816
2021-12-07 06:40:00,3.62314266648
2021-12-07 06:45:00,3.77186107925
2021-12-07 06:50:00,3.75037538951
2021-12-07 06:55:00,3.91557417588
2021-12-07 07:00:00,3.81465884176
2021-12-07 07:05:00,3.89592346447
2021-12-07 07:10:00,3.94559779774
2021-12-07 07:15:00,3.89818573638
2021-12-07 07:20:00,3.70339867409
2021-12-07 07:25:00,3.86318941711
2021-12-07 07:30:00,3.6676396487
2021-12-07 07:35:00,3.62991572161
2021-12-07 07:40:00,3.51815854387
2021-12-07 07:45:00,3.53832051544
2021-12-07 07:50:00,3.47520903085
2021-12-07 07:55:00,3.5668446579
2021-12-07 08:00:00,3.46541039531
2021-12-07 08:05:00,3.5651394844
2021-12-07 08:10:00,3.50057289983
2021-12-07 08:15:00,3.74404371587
2021-12-07 08:20:00,3.87345423927
2021-12-07 08:25:00,4.3145973451
2021-12-07 08:30:00,4.80586101164
2021-12-07 08:35:00,5.48649140775
2021-12-07 08:40:00,5.49190274065
2021-12-07 08:45:00,6.50606737344
2021-12-07 08:50:00,8.5073330645
2021-12-07 08:55:00,9.51075967955
2021-12-07 09:00:00,10.127362516
2021-12-07 09:05:00,12.7096394096
2021-12-07 09:10:00,15.2620805864
2021-12-07 09:15:00,18.3113653501
2021-12-07 09:20:00,21.7029334083
2021-12-07 09:25:00,25.5776808986
2021-12-07 09:30:00,33.1715211487
2021-12-07 09:35:00,37.8875539442
2021-12-07 09:40:00,42.3639282618
2021-12-07 09:45:00,48.1957319094
2021-12-07 09:50:00,59.9852076109
2021-12-07 09:55:00,64.1699851137
2021-12-07 10:00:00,76.4403064913
2021-12-07 10:05:00,77.9067961987
2021-12-07 10:10:00,80.7173707637
2021-12-07 10:15:00,85.3851091034
2021-12-07 10:20:00,90.3049695717
2021-12-07 10:25:00,93.0404498391
2021-12-07 10:30:00,80.8608221034
2021-12-07 10:35:00,113.345246743
2021-12-07 10:40:00,119.656012052
2021-12-07 10:45:00,131.741025697
2021-12-07 10:50:00,151.94350379
2021-12-07 10:55:00,144.76585104
2021-12-07 11:00:00,130.508936706
2021-12-07 11:05:00,106.85439301
2021-12-07 11:10:00,122.064882301
2021-12-07 11:15:00,129.945927363
2021-12-07 11:20:00,133.0688439
2021-12-07 11:25:00,138.872652243
2021-12-07 11:30:00,145.365423098
2021-12-07 11:35:00,155.116667603
2021-12-07 11:40:00,148.682273044
2021-12-07 11:45:00,126.80358883
2021-12-07 11:50:00,111.336784253
2021-12-07 11:55:00,104.853437027
2021-12-07 12:00:00,113.598323955
2021-12-07 12:05:00,126.715360226
2021-12-07 12:10:00,117.991808081
2021-12-07 12:15:00,122.918720586
2021-12-07 12:20:00,132.292514623
2021-12-07 12:25:00,149.258312996
2021-12-07 12:30:00,153.846712159
2021-12-07 12:35:00,156.113355131
2021-12-07 12:40:00,142.557951907
2021-12-07 12:45:00,130.172738591
2021-12-07 12:50:00,126.628044178
2021-12-07 12:55:00,123.819922989
2021-12-07 13:00:00,128.953040907
2021-12-07 13:05:00,130.069711293
2021-12-07 13:10:00,117.915496944
2021-12-07 13:15:00,113.596257835
2021-12-07 13:20:00,113.347280701
2021-12-07 13:25:00,105.599926657
2021-12-07 13:30:00,95.6162626786
2021-12-07 13:35:00,88.3415023364
2021-12-07 13:40:00,86.2721595032
2021-12-07 13:45:00,80.4242939285
2021-12-07 13:50:00,82.6181613977
2021-12-07 13:55:00,82.6055144801
2021-12-07 14:00:00,70.2091272296
2021-12-07 14:05:00,61.0333209102
2021-12-07 14:10:00,65.8856897244
2021-12-07 14:15:00,57.188262838
2021-12-07 14:20:00,54.2606405985
2021-12-07 14:25:00,49.2008346538
2021-12-07 14:30:00,39.585518347
2021-12-07 14:35:00,35.6254707671
2021-12-07 14:40:00,30.634300319
2021-12-07 14:45:00,25.4553794346
2021-12-07 14:50:00,19.8501124446
2021-12-07 14:55:00,19.3566303673
2021-12-07 15:00:00,15.3899682602
2021-12-07 15:05:00,11.9816271669
2021-12-07 15:10:00,10.5710973181
2021-12-07 15:15:00,7.2543478764
2021-12-07 15:20:00,6.97550355922
2021-12-07 15:25:00,5.48854858899
2021-12-07 15:30:00,4.89448483211
2021-12-07 15:35:00,4.35253442941
2021-12-07 15:40:00,4.03196051134
2021-12-07 15:45:00,2.22506408571
2021-12-07 15:50:00,2.72382051641
2021-12-07 15:55:00,2.6889531285
2021-12-07 16:00:00,2.41851000088
2021-12-07 16:05:00,2.48391044467
2021-12-07 16:10:00,1.86630922079
2021-12-07 16:15:00,1.0029184869
2021-12-07 16:20:00,2.43029855725
2021-12-07 16:25:00,2.03786281367
2021-12-07 16:30:00,2.43677506959
2021-12-07 16:35:00,2.7965964605
2021-12-07 16:40:00,2.58990709086
2021-12-07 16:45:00,1.67792939928
2021-12-07 16:50:00,0.295230556476
2021-12-07 16:55:00,0.92304396544
2021-12-07 17:00:00,1.67474181016
2021-12-07 17:05:00,2.25761613274
2021-12-07 17:10:00,1.93299785279
2021-12-07 17:15:00,2.38675642535
2021-12-07 17:20:00,2.42418482085
2021-12-07 17:25:00,1.67360843125
2021-12-07 17:30:00,2.09695587574
2021-12-07 17:35:00,2.02883461035
2021-12-07 17:40:00,2.12728716313
2021-12-07 17:45:00,1.52602179183
2021-12-07 17:50:00,1.57124262118
2021-12-07 17:55:00,2.05692033632
2021-12-07 18:00:00,2.06949546342
2021-12-07 18:05:00,2.60607414684
2021-12-07 18:10:00,2.29875486407
2021-12-07 18:15:00,2.20402966819
2021-12-07 18:20:00,2.35815095108
2021-12-07 18:25:00,3.20843811192
2021-12-07 18:30:00,2.81871610778
2021-12-07 18:35:00,2.13036104466
2021-12-07 18:40:00,2.39093190749
2021-12-07 18:45:00,2.58263373915
2021-12-07 18:50:00,2.58368963901
2021-12-07 18:55:00,2.30459234513
2021-12-07 19:00:00,1.08137056685
2021-12-07 19:05:00,1.32110370476
2021-12-07 19:10:00,1.68903633665
2021-12-07 19:15:00,1.78913747024
2021-12-07 19:20:00,1.3213626395
2021-12-07 19:25:00,1.87680353997
2021-12-07 19:30:00,2.0317222123
2021-12-07 19:35:00,1.58186983288
2021-12-07 19:40:00,0.0
2021-12-07 19:45:00,0.0
2021-12-07 19:50:00,0.0
2021-12-07 19:55:00,0.0
2021-12-07 20:00:00,0.0
2021-12-07 20:05:00,0.0
2021-12-07 20:10:00,0.0213359311499
2021-12-07 20:15:00,0.0
2021-12-07 20:20:00,0.0
2021-12-07 20:25:00,0.0
2021-12-07 20:30:00,0.0
2021-12-07 20:35:00,0.0
2021-12-07 20:40:00,0.136309616532
2021-12-07 20:45:00,0.10115244344
2021-12-07 20:50:00,0.235824385123
2021-12-07 20:55:00,0.262095624848
2021-12-07 21:00:00,0.242299825216
2021-12-07 21:05:00,0.237269669983
2021-12-07 21:10:00,0.355272937624
2021-12-07 21:15:00,0.175448398986
2021-12-07 21:20:00,0.0674976665209
2021-12-07 21:25:00,0.0
2021-12-07 21:30:00,0.0
2021-12-07 21:35:00,0.0
2021-12-07 21:40:00,0.0
2021-12-07 21:45:00,0.103861120013
2021-12-07 21:50:00,0.0454285570587
2021-12-07 21:55:00,0.0
2021-12-07 22:00:00,0.0
2021-12-07 22:05:00,2.15807616892
2021-12-07 22:10:00,2.86932900461
2021-12-07 22:15:00,2.67557768127
2021-12-07 22:20:00,2.6230956987
2021-12-07 22:25:00,2.84062813333
2021-12-07 22:30:00,2.87975522347
2021-12-07 22:35:00,2.3874784521
2021-12-07 22:40:00,2.40866352777
2021-12-07 22:45:00,2.29179663649
2021-12-07 22:50:00,1.99816352715
2021-12-07 22:55:00,2.15773546532
2021-12-07 23:00:00,2.84692040238
2021-12-07 23:05:00,2.89529061894
2021-12-07 23:10:00,2.28723118732
2021-12-07 23:15:00,2.86024353336
2021-12-07 23:20:00,2.7506551266
2021-12-07 23:25:00,2.92204991323
2021-12-07 23:30:00,2.87043288428
2021-12-07 23:35:00,2.55145254566
2021-12-07 23:40:00,0.906753614393
2021-12-07 23:45:00,1.30785807587
2021-12-07 23:50:00,1.14947085915
2021-12-07 23:55:00,3.16146271365
2021-12-08 00:00:00,3.44953798258
2021-12-08 00:05:00,3.32764320294
2021-12-08 00:10:00,2.60404912914
2021-12-08 00:15:00,3.57295599976
2021-12-08 00:20:00,3.70370359637
2021-12-08 00:25:00,3.46015946282
2021-12-08 00:30:00,3.83358830735
2021-12-08 00:35:00,4.08792873308
2021-12-08 00:40:00,3.85660870899
2021-12-08 00:45:00,4.16698892831
2021-12-08 00:50:00,4.03020156737
2021-12-08 00:55:00,3.85648361572
2021-12-08 01:00:00,3.87137444925
2021-12-08 01:05:00,4.08485109268
2021-12-08 01:10:00,3.98719114488
2021-12-08 01:15:00,4.21484929051
2021-12-08 01:20:00,4.28963360493
2021-12-08 01:25:00,4.23747200956
2021-12-08 01:30:00,4.51184743284
2021-12-08 01:35:00,4.66346818626
2021-12-08 01:40:00,4.59224051654
2021-12-08 01:45:00,4.5833150432
2021-12-08 01:50:00,4.52764854401
2021-12-08 01:55:00,3.3191487457
2021-12-08 02:00:00,2.96851718494
2021-12-08 02:05:00,2.73262215333
2021-12-08 02:10:00,3.70239913118
2021-12-08 02:15:00,3.13653602415
2021-12-08 02:20:00,3.7294732981
2021-12-08 02:25:00,4.56663410069
2021-12-08 02:30:00,4.65071968303
2021-12-08 02:35:00,4.37792366169
2021-12-08 02:40:00,4.66083030312
2021-12-08 02:45:00,5.36297242339
2021-12-08 02:50:00,5.53891887774
2021-12-08 02:55:00,5.50210926078
2021-12-08 03:00:00,4.67043555007
2021-12-08 03:05:00,4.52295437021
2021-12-08 03:10:00,3.15472714081
2021-12-08 03:15:00,2.75344889613
2021-12-08 03:20:00,2.50199014017
2021-12-08 03:25:00,2.58975295444
2021-12-08 03:30:00,4.16907235479
2021-12-08 03:35:00,3.26014908274
2021-12-08 03:40:00,2.27155772406
2021-12-08 03:45:00,2.33116722594
2021-12-08 03:50:00,2.46212209368
2021-12-08 03:55:00,2.43003932475
2021-12-08 04:00:00,2.35768759418
2021-12-08 04:05:00,2.3820956001
2021-12-08 04:10:00,2.29074675975
2021-12-08 04:15:00,2.35383082943
2021-12-08 04:20:00,2.39657978879
2021-12-08 04:25:00,2.58217618034
2021-12-08 04:30:00,2.50942561099
2021-12-08 04:35:00,2.74193153408
2021-12-08 04:40:00,2.68461314075
2021-12-08 04:45:00,2.7263953251
2021-12-08 04:50:00,2.80606716013
2021-12-08 04:55:00,2.63270968548
2021-12-08 05:00:00,2.72988583514
2021-12-08 05:05:00,2.75014839539
2021-12-08 05:10:00,2.72427802911
2021-12-08 05:15:00,2.86024815766
2021-12-08 05:20:00,2.72100028525
2021-12-08 05:25:00,2.24908491459
2021-12-08 05:30:00,2.81753685247
2021-12-08 05:35:00,2.44143815847
2021-12-08 05:40:00,1.88176554919
2021-12-08 05:45:00,1.61605779097
2021-12-08 05:50:00,1.81870077641
2021-12-08 05:55:00,2.34565394964
2021-12-08 06:00:00,1.72357005356
2021-12-08 06:05:00,1.8374181654
2021-12-08 06:10:00,1.80100516781
2021-12-08 06:15:00,1.84051325656
2021-12-08 06:20:00,1.83180477326
2021-12-08 06:25:00,1.84968036873
2021-12-08 06:30:00,1.93372049522
2021-12-08 06:35:00,1.66279775792
2021-12-08 06:40:00,1.96773294111
2021-12-08 06:45:00,2.27015402523
2021-12-08 06:50:00,2.20837312995
2021-12-08 06:55:00,2.16412706486
2021-12-08 07:00:00,2.34249068467
2021-12-08 07:05:00,2.47988818964
2021-12-08 07:10:00,2.66985386079
2021-12-08 07:15:00,2.16702985953
2021-12-08 07:20:00,1.83624754821
2021-12-08 07:25:00,1.63055797072
2021-12-08 07:30:00,1.98953691199
2021-12-08 07:35:00,2.09229278686
2021-12-08 07:40:00,1.98403114181
2021-12-08 07:45:00,2.05009319592
2021-12-08 07:50:00,1.64876517111
2021-12-08 07:55:00,1.89647031657
2021-12-08 08:00:00,1.54006709451
2021-12-08 08:05:00,1.86592606822
2021-12-08 08:10:00,2.0151472988
2021-12-08 08:15:00,2.04697083523
2021-12-08 08:20:00,1.78580978724
2021-12-08 08:25:00,2.65981251985
2021-12-08 08:30:00,2.88274089201
2021-12-08 08:35:00,2.40854075528
2021-12-08 08:40:00,4.02434674577
2021-12-08 08:45:00,3.53416895542
2021-12-08 08:50:00,4.22646033676
2021-12-08 08:55:00,4.23262624417
2021-12-08 09:00:00,7.30585363886
2021-12-08 09:05:00,10.8463831795
2021-12-08 09:10:00,17.9795304534
2021-12-08 09:15:00,16.4018493573
2021-12-08 09:20:00,16.9573948865
2021-12-08 09:25:00,23.7759335835
2021-12-08 09:30:00,31.35872356
2021-12-08 09:35:00,33.9097568221
2021-12-08 09:40:00,44.5367601148
2021-12-08 09:45:00,42.9666120481
2021-12-08 09:50:00,74.1745798406
2021-12-08 09:55:00,80.8267418681
2021-12-08 10:00:00,79.9161355236
2021-12-08 10:05:00,53.7278486064
2021-12-08 10:10:00,43.2832140169
2021-12-08 10:15:00,49.5058423172
2021-12-08 10:20:00,58.7185673934
2021-12-08 10:25:00,79.9474891041
2021-12-08 10:30:00,49.2546199534
2021-12-08 10:35:00,56.5109406375
2021-12-08 10:40:00,43.2976193227
2021-12-08 10:45:00,50.0330596723
2021-12-08 10:50:00,58.8079949035
2021-12-08 10:55:00,67.5626197656
2021-12-08 11:00:00,79.4202139678
2021-12-08 11:05:00,100.036858595
2021-12-08 11:10:00,117.721378288
2021-12-08 11:15:00,124.221381821
2021-12-08 11:20:00,117.386389489
2021-12-08 11:25:00,106.351139211
2021-12-08 11:30:00,95.9735801783
2021-12-08 11:35:00,84.5842167699
2021-12-08 11:40:00,73.7719998334
2021-12-08 11:45:00,67.0541921406
2021-12-08 11:50:00,63.6229641259
2021-12-08 11:55:00,64.447980294
2021-12-08 12:00:00,69.2399517515
2021-12-08 12:05:00,73.0990458717
2021-12-08 12:10:00,79.964631017
2021-12-08 12:15:00,119.619448852
2021-12-08 12:20:00,142.91826189
2021-12-08 12:25:00,145.39544136
2021-12-08 12:30:00,149.272461379
2021-12-08 12:35:00,155.164169015
2021-12-08 12:40:00,153.072227842
2021-12-08 12:45:00,145.492829325
2021-12-08 12:50:00,140.298099967
2021-12-08 12:55:00,136.548661275
2021-12-08 13:00:00,124.247030783
2021-12-08 13:05:00,115.59202232
2021-12-08 13:10:00,102.311161584
2021-12-08 13:15:00,67.6235018305
2021-12-08 13:20:00,60.7271117318
2021-12-08 13:25:00,81.9279906115
2021-12-08 13:30:00,70.4252928853
2021-12-08 13:35:00,59.9810912953
2021-12-08 13:40:00,51.9891290548
2021-12-08 13:45:00,53.2455350927
2021-12-08 13:50:00,56.8337504448
2021-12-08 13:55:00,43.400930966
2021-12-08 14:00:00,38.6904178392
2021-12-08 14:05:00,53.4793959583
2021-12-08 14:10:00,59.0424760321
2021-12-08 14:15:00,56.6717740552
2021-12-08 14:20:00,37.5880256205
2021-12-08 14:25:00,34.6823144183
2021-12-08 14:30:00,29.6762027731
2021-12-08 14:35:00,26.1937123687
2021-12-08 14:40:00,23.1585652835
2021-12-08 14:45:00,21.1095469466
2021-12-08 14:50:00,18.2603368485
2021-12-08 14:55:00,9.68999995646
2021-12-08 15:00:00,8.10453964024
2021-12-08 15:05:00,5.49796047761
2021-12-08 15:10:00,5.1858977586
2021-12-08 15:15:00,4.65962318315
2021-12-08 15:20:00,3.75404542642
2021-12-08 15:25:00,3.38090058653
2021-12-08 15:30:00,2.85573505353
2021-12-08 15:35:00,2.41242855088
2021-12-08 15:40:00,1.97560648662
2021-12-08 15:45:00,1.18500804759
2021-12-08 15:50:00,0.875762234385
2021-12-08 15:55:00,0.71064523196
2021-12-08 16:00:00,0.672636225884
2021-12-08 16:05:00,0.487421480039
2021-12-08 16:10:00,0.365191014791
2021-12-08 16:15:00,0.38806020231
2021-12-08 16:20:00,0.629089888163
2021-12-08 16:25:00,0.660860680984
2021-12-08 16:30:00,0.599068101499
2021-12-08 16:35:00,0.552836438764
2021-12-08 16:40:00,0.398432566554
2021-12-08 16:45:00,0.445867906417
2021-12-08 16:50:00,0.642508455855
2021-12-08 16:55:00,0.608220102964
2021-12-08 17:00:00,0.658227893086
2021-12-08 17:05:00,0.736274719791
2021-12-08 17:10:00,0.842823156483
2021-12-08 17:15:00,0.0
2021-12-08 17:20:00,0.787500490575
2021-12-08 17:25:00,0.933820910458
2021-12-08 17:30:00,0.636869115298
2021-12-08 17:35:00,0.830327976593
2021-12-08 17:40:00,1.4195950704
2021-12-08 17:45:00,2.4861738153
2021-12-08 17:50:00,2.63811167515
2021-12-08 17:55:00,2.07895117806
2021-12-08 18:00:00,2.45081195517
2021-12-08 18:05:00,3.09366582983
2021-12-08 18:10:00,2.606800562
2021-12-08 18:15:00,2.50540403423
2021-12-08 18:20:00,2.6098057949
2021-12-08 18:25:00,2.53945584354
2021-12-08 18:30:00,2.17845146266
2021-12-08 18:35:00,2.34182072622
2021-12-08 18:40:00,2.22167535137
2021-12-08 18:45:00,2.77891808284
2021-12-08 18:50:00,2.95619812701
2021-12-08 18:55:00,2.79276409173
2021-12-08 19:00:00,2.74173463139
2021-12-08 19:05:00,2.81269788853
2021-12-08 19:10:00,2.8848491009
2021-12-08 19:15:00,2.91565400913
2021-12-08 19:20:00,2.66044262743
2021-12-08 19:25:00,2.59245679151
2021-12-08 19:30:00,2.44243960464
2021-12-08 19:35:00,2.957142818
2021-12-08 19:40:00,2.7963252235
2021-12-08 19:45:00,1.68975742911
2021-12-08 19:50:00,1.48370920952
2021-12-08 19:55:00,1.98395255152
2021-12-08 20:00:00,1.94657807657
2021-12-08 20:05:00,2.13090643517
2021-12-08 20:10:00,2.28571553227
2021-12-08 20:15:00,2.31118836683
2021-12-08 20:20:00,2.31961155265
2021-12-08 20:25:00,2.2296630223
2021-12-08 20:30:00,1.34557651389
2021-12-08 20:35:00,1.52285999328
2021-12-08 20:40:00,1.7362971765
2021-12-08 20:45:00,1.60004899521
2021-12-08 20:50:00,1.97923403512
2021-12-08 20:55:00,1.68533656997
2021-12-08 21:00:00,1.90620970506
2021-12-08 21:05:00,1.97676544146
2021-12-08 21:10:00,2.61232266079
2021-12-08 21:15:00,2.29708323778
2021-12-08 21:20:00,2.46180473647
2021-12-08 21:25:00,2.4539431753
2021-12-08 21:30:00,2.74717994988
2021-12-08 21:35:00,1.94707698193
2021-12-08 21:40:00,2.43588296181
2021-12-08 21:45:00,1.82759984613
2021-12-08 21:50:00,1.79364597004
2021-12-08 21:55:00,2.23492450593
2021-12-08 22:00:00,2.89980508547
2021-12-08 22:05:00,3.03454927618
2021-12-08 22:10:00,1.98720333203
2021-12-08 22:15:00,1.72888502972
2021-12-08 22:20:00,1.83475115022
2021-12-08 22:25:00,1.97721706981
2021-12-08 22:30:00,2.82416472042
2021-12-08 22:35:00,1.52653675443
2021-12-08 22:40:00,1.14084308682
2021-12-08 22:45:00,1.54302440176
2021-12-08 22:50:00,2.51505177302
2021-12-08 22:55:00,3.06602863573
2021-12-08 23:00:00,3.05217553808
2021-12-08 23:05:00,3.49298013063
2021-12-08 23:10:00,3.66442251947
2021-12-08 23:15:00,3.29549695728
2021-12-08 23:20:00,3.7190721043
2021-12-08 23:25:00,3.09283056632
2021-12-08 23:30:00,3.28540340235
2021-12-08 23:35:00,3.2502083733
2021-12-08 23:40:00,3.26698461858
2021-12-08 23:45:00,3.27142739352
2021-12-08 23:50:00,3.48887427332
2021-12-08 23:55:00,3.62406397413
